parkCode,fullName,Month,Visitors,Photography,Colonization_and_Settlement,Lighthouses,Schools_and_Education,Animals,Fish,Forests_and_Woodlands,Geology,Lakes,Mountains,Night_Sky,Astronomy,Rock_Landscapes_and_Features,Trails,Fossils_and_Paleontology,Scenic_Views,Unique_Species,Endangered,Wilderness,Ruins,Canyons_and_Canyonlands,Hot_Springs,River_and_Riparian,Ships_and_Shipwrecks,Explorers_and_Expeditions,Glaciers,Volcanoes,Waterfalls,Architecture_and_Building,Freshwater_Springs,Month_JAN,Month_FEB,Month_MAR,Month_APR,Month_MAY,Month_JUN,Month_JUL,Month_AUG,Month_SEP,Month_OCT,Month_NOV,Month_DEC
acad,Acadia NP,APR,95165,1,1,1,1,1,1,1,1,1,1,1,1,1,1,0,0,0,0,0,0,0,0,0,0,0,0,0,0,0,0,0,0,0,1,0,0,0,0,0,0,0,0
acad,Acadia NP,AUG,795332,1,1,1,1,1,1,1,1,1,1,1,1,1,1,0,0,0,0,0,0,0,0,0,0,0,0,0,0,0,0,0,0,0,0,0,0,0,1,0,0,0,0
acad,Acadia NP,DEC,14960,1,1,1,1,1,1,1,1,1,1,1,1,1,1,0,0,0,0,0,0,0,0,0,0,0,0,0,0,0,0,0,0,0,0,0,0,0,0,0,0,0,1
acad,Acadia NP,FEB,14071,1,1,1,1,1,1,1,1,1,1,1,1,1,1,0,0,0,0,0,0,0,0,0,0,0,0,0,0,0,0,0,1,0,0,0,0,0,0,0,0,0,0
acad,Acadia NP,JAN,15538,1,1,1,1,1,1,1,1,1,1,1,1,1,1,0,0,0,0,0,0,0,0,0,0,0,0,0,0,0,0,1,0,0,0,0,0,0,0,0,0,0,0
acad,Acadia NP,JUL,791029,1,1,1,1,1,1,1,1,1,1,1,1,1,1,0,0,0,0,0,0,0,0,0,0,0,0,0,0,0,0,0,0,0,0,0,0,1,0,0,0,0,0
acad,Acadia NP,JUN,599015,1,1,1,1,1,1,1,1,1,1,1,1,1,1,0,0,0,0,0,0,0,0,0,0,0,0,0,0,0,0,0,0,0,0,0,1,0,0,0,0,0,0
acad,Acadia NP,MAR,25696,1,1,1,1,1,1,1,1,1,1,1,1,1,1,0,0,0,0,0,0,0,0,0,0,0,0,0,0,0,0,0,0,1,0,0,0,0,0,0,0,0,0
acad,Acadia NP,MAY,320885,1,1,1,1,1,1,1,1,1,1,1,1,1,1,0,0,0,0,0,0,0,0,0,0,0,0,0,0,0,0,0,0,0,0,1,0,0,0,0,0,0,0
acad,Acadia NP,NOV,76388,1,1,1,1,1,1,1,1,1,1,1,1,1,1,0,0,0,0,0,0,0,0,0,0,0,0,0,0,0,0,0,0,0,0,0,0,0,0,0,0,1,0
acad,Acadia NP,OCT,567466,1,1,1,1,1,1,1,1,1,1,1,1,1,1,0,0,0,0,0,0,0,0,0,0,0,0,0,0,0,0,0,0,0,0,0,0,0,0,0,1,0,0
acad,Acadia NP,SEP,646116,1,1,1,1,1,1,1,1,1,1,1,1,1,1,0,0,0,0,0,0,0,0,0,0,0,0,0,0,0,0,0,0,0,0,0,0,0,0,1,0,0,0
arch,Arches NP,APR,156720,0,0,0,0,1,0,0,1,0,0,1,0,1,1,0,0,0,0,0,0,0,0,0,0,0,0,0,0,0,0,0,0,0,1,0,0,0,0,0,0,0,0
arch,Arches NP,AUG,143726,0,0,0,0,1,0,0,1,0,0,1,0,1,1,0,0,0,0,0,0,0,0,0,0,0,0,0,0,0,0,0,0,0,0,0,0,0,1,0,0,0,0
arch,Arches NP,DEC,48845,0,0,0,0,1,0,0,1,0,0,1,0,1,1,0,0,0,0,0,0,0,0,0,0,0,0,0,0,0,0,0,0,0,0,0,0,0,0,0,0,0,1
arch,Arches NP,FEB,51510,0,0,0,0,1,0,0,1,0,0,1,0,1,1,0,0,0,0,0,0,0,0,0,0,0,0,0,0,0,0,0,1,0,0,0,0,0,0,0,0,0,0
arch,Arches NP,JAN,28088,0,0,0,0,1,0,0,1,0,0,1,0,1,1,0,0,0,0,0,0,0,0,0,0,0,0,0,0,0,0,1,0,0,0,0,0,0,0,0,0,0,0
arch,Arches NP,JUL,156052,0,0,0,0,1,0,0,1,0,0,1,0,1,1,0,0,0,0,0,0,0,0,0,0,0,0,0,0,0,0,0,0,0,0,0,0,1,0,0,0,0,0
arch,Arches NP,JUN,180563,0,0,0,0,1,0,0,1,0,0,1,0,1,1,0,0,0,0,0,0,0,0,0,0,0,0,0,0,0,0,0,0,0,0,0,1,0,0,0,0,0,0
arch,Arches NP,MAR,143166,0,0,0,0,1,0,0,1,0,0,1,0,1,1,0,0,0,0,0,0,0,0,0,0,0,0,0,0,0,0,0,0,1,0,0,0,0,0,0,0,0,0
arch,Arches NP,MAY,195379,0,0,0,0,1,0,0,1,0,0,1,0,1,1,0,0,0,0,0,0,0,0,0,0,0,0,0,0,0,0,0,0,0,0,1,0,0,0,0,0,0,0
arch,Arches NP,NOV,78397,0,0,0,0,1,0,0,1,0,0,1,0,1,1,0,0,0,0,0,0,0,0,0,0,0,0,0,0,0,0,0,0,0,0,0,0,0,0,0,0,1,0
arch,Arches NP,OCT,135716,0,0,0,0,1,0,0,1,0,0,1,0,1,1,0,0,0,0,0,0,0,0,0,0,0,0,0,0,0,0,0,0,0,0,0,0,0,0,0,1,0,0
arch,Arches NP,SEP,148366,0,0,0,0,1,0,0,1,0,0,1,0,1,1,0,0,0,0,0,0,0,0,0,0,0,0,0,0,0,0,0,0,0,0,0,0,0,0,1,0,0,0
badl,Badlands NP,APR,37328,0,1,0,0,1,0,0,1,0,0,1,1,1,1,1,1,1,1,1,0,0,0,0,0,0,0,0,0,0,0,0,0,0,1,0,0,0,0,0,0,0,0
badl,Badlands NP,AUG,199919,0,1,0,0,1,0,0,1,0,0,1,1,1,1,1,1,1,1,1,0,0,0,0,0,0,0,0,0,0,0,0,0,0,0,0,0,0,1,0,0,0,0
badl,Badlands NP,DEC,14599,0,1,0,0,1,0,0,1,0,0,1,1,1,1,1,1,1,1,1,0,0,0,0,0,0,0,0,0,0,0,0,0,0,0,0,0,0,0,0,0,0,1
badl,Badlands NP,FEB,10397,0,1,0,0,1,0,0,1,0,0,1,1,1,1,1,1,1,1,1,0,0,0,0,0,0,0,0,0,0,0,0,1,0,0,0,0,0,0,0,0,0,0
badl,Badlands NP,JAN,8549,0,1,0,0,1,0,0,1,0,0,1,1,1,1,1,1,1,1,1,0,0,0,0,0,0,0,0,0,0,0,1,0,0,0,0,0,0,0,0,0,0,0
badl,Badlands NP,JUL,234886,0,1,0,0,1,0,0,1,0,0,1,1,1,1,1,1,1,1,1,0,0,0,0,0,0,0,0,0,0,0,0,0,0,0,0,0,1,0,0,0,0,0
badl,Badlands NP,JUN,218729,0,1,0,0,1,0,0,1,0,0,1,1,1,1,1,1,1,1,1,0,0,0,0,0,0,0,0,0,0,0,0,0,0,0,0,1,0,0,0,0,0,0
badl,Badlands NP,MAR,25776,0,1,0,0,1,0,0,1,0,0,1,1,1,1,1,1,1,1,1,0,0,0,0,0,0,0,0,0,0,0,0,0,1,0,0,0,0,0,0,0,0,0
badl,Badlands NP,MAY,109385,0,1,0,0,1,0,0,1,0,0,1,1,1,1,1,1,1,1,1,0,0,0,0,0,0,0,0,0,0,0,0,0,0,0,1,0,0,0,0,0,0,0
badl,Badlands NP,NOV,22887,0,1,0,0,1,0,0,1,0,0,1,1,1,1,1,1,1,1,1,0,0,0,0,0,0,0,0,0,0,0,0,0,0,0,0,0,0,0,0,0,1,0
badl,Badlands NP,OCT,71915,0,1,0,0,1,0,0,1,0,0,1,1,1,1,1,1,1,1,1,0,0,0,0,0,0,0,0,0,0,0,0,0,0,0,0,0,0,0,0,1,0,0
badl,Badlands NP,SEP,139875,0,1,0,0,1,0,0,1,0,0,1,1,1,1,1,1,1,1,1,0,0,0,0,0,0,0,0,0,0,0,0,0,0,0,0,0,0,0,1,0,0,0
bibe,Big Bend NP,APR,77541,0,0,0,0,1,1,0,1,0,1,1,0,0,1,1,1,1,1,0,1,1,1,1,0,0,0,0,0,0,0,0,0,0,1,0,0,0,0,0,0,0,0
bibe,Big Bend NP,AUG,15741,0,0,0,0,1,1,0,1,0,1,1,0,0,1,1,1,1,1,0,1,1,1,1,0,0,0,0,0,0,0,0,0,0,0,0,0,0,1,0,0,0,0
bibe,Big Bend NP,DEC,66201,0,0,0,0,1,1,0,1,0,1,1,0,0,1,1,1,1,1,0,1,1,1,1,0,0,0,0,0,0,0,0,0,0,0,0,0,0,0,0,0,0,1
bibe,Big Bend NP,FEB,48302,0,0,0,0,1,1,0,1,0,1,1,0,0,1,1,1,1,1,0,1,1,1,1,0,0,0,0,0,0,0,0,1,0,0,0,0,0,0,0,0,0,0
bibe,Big Bend NP,JAN,40498,0,0,0,0,1,1,0,1,0,1,1,0,0,1,1,1,1,1,0,1,1,1,1,0,0,0,0,0,0,0,1,0,0,0,0,0,0,0,0,0,0,0
bibe,Big Bend NP,JUL,16417,0,0,0,0,1,1,0,1,0,1,1,0,0,1,1,1,1,1,0,1,1,1,1,0,0,0,0,0,0,0,0,0,0,0,0,0,1,0,0,0,0,0
bibe,Big Bend NP,JUN,20004,0,0,0,0,1,1,0,1,0,1,1,0,0,1,1,1,1,1,0,1,1,1,1,0,0,0,0,0,0,0,0,0,0,0,0,1,0,0,0,0,0,0
bibe,Big Bend NP,MAR,100315,0,0,0,0,1,1,0,1,0,1,1,0,0,1,1,1,1,1,0,1,1,1,1,0,0,0,0,0,0,0,0,0,1,0,0,0,0,0,0,0,0,0
bibe,Big Bend NP,MAY,38083,0,0,0,0,1,1,0,1,0,1,1,0,0,1,1,1,1,1,0,1,1,1,1,0,0,0,0,0,0,0,0,0,0,0,1,0,0,0,0,0,0,0
bibe,Big Bend NP,NOV,65273,0,0,0,0,1,1,0,1,0,1,1,0,0,1,1,1,1,1,0,1,1,1,1,0,0,0,0,0,0,0,0,0,0,0,0,0,0,0,0,0,1,0
bibe,Big Bend NP,OCT,49181,0,0,0,0,1,1,0,1,0,1,1,0,0,1,1,1,1,1,0,1,1,1,1,0,0,0,0,0,0,0,0,0,0,0,0,0,0,0,0,1,0,0
bibe,Big Bend NP,SEP,23902,0,0,0,0,1,1,0,1,0,1,1,0,0,1,1,1,1,1,0,1,1,1,1,0,0,0,0,0,0,0,0,0,0,0,0,0,0,0,1,0,0,0
bisc,Biscayne NP,APR,41856,0,0,1,1,1,1,0,0,0,0,0,0,0,1,0,1,1,1,0,0,0,0,0,1,0,0,0,0,0,0,0,0,0,1,0,0,0,0,0,0,0,0
bisc,Biscayne NP,AUG,40348,0,0,1,1,1,1,0,0,0,0,0,0,0,1,0,1,1,1,0,0,0,0,0,1,0,0,0,0,0,0,0,0,0,0,0,0,0,1,0,0,0,0
bisc,Biscayne NP,DEC,33143,0,0,1,1,1,1,0,0,0,0,0,0,0,1,0,1,1,1,0,0,0,0,0,1,0,0,0,0,0,0,0,0,0,0,0,0,0,0,0,0,0,1
bisc,Biscayne NP,FEB,37428,0,0,1,1,1,1,0,0,0,0,0,0,0,1,0,1,1,1,0,0,0,0,0,1,0,0,0,0,0,0,0,1,0,0,0,0,0,0,0,0,0,0
bisc,Biscayne NP,JAN,31701,0,0,1,1,1,1,0,0,0,0,0,0,0,1,0,1,1,1,0,0,0,0,0,1,0,0,0,0,0,0,1,0,0,0,0,0,0,0,0,0,0,0
bisc,Biscayne NP,JUL,58503,0,0,1,1,1,1,0,0,0,0,0,0,0,1,0,1,1,1,0,0,0,0,0,1,0,0,0,0,0,0,0,0,0,0,0,0,1,0,0,0,0,0
bisc,Biscayne NP,JUN,47208,0,0,1,1,1,1,0,0,0,0,0,0,0,1,0,1,1,1,0,0,0,0,0,1,0,0,0,0,0,0,0,0,0,0,0,1,0,0,0,0,0,0
bisc,Biscayne NP,MAR,46810,0,0,1,1,1,1,0,0,0,0,0,0,0,1,0,1,1,1,0,0,0,0,0,1,0,0,0,0,0,0,0,0,1,0,0,0,0,0,0,0,0,0
bisc,Biscayne NP,MAY,51610,0,0,1,1,1,1,0,0,0,0,0,0,0,1,0,1,1,1,0,0,0,0,0,1,0,0,0,0,0,0,0,0,0,0,1,0,0,0,0,0,0,0
bisc,Biscayne NP,NOV,32466,0,0,1,1,1,1,0,0,0,0,0,0,0,1,0,1,1,1,0,0,0,0,0,1,0,0,0,0,0,0,0,0,0,0,0,0,0,0,0,0,1,0
bisc,Biscayne NP,OCT,41396,0,0,1,1,1,1,0,0,0,0,0,0,0,1,0,1,1,1,0,0,0,0,0,1,0,0,0,0,0,0,0,0,0,0,0,0,0,0,0,1,0,0
bisc,Biscayne NP,SEP,49744,0,0,1,1,1,1,0,0,0,0,0,0,0,1,0,1,1,1,0,0,0,0,0,1,0,0,0,0,0,0,0,0,0,0,0,0,0,0,1,0,0,0
blca,Black Canyon of the Gunnison NP,APR,10538,0,0,0,0,1,0,0,1,0,1,1,1,1,1,0,1,0,0,1,0,1,0,1,0,1,0,0,0,0,0,0,0,0,1,0,0,0,0,0,0,0,0
blca,Black Canyon of the Gunnison NP,AUG,51827,0,0,0,0,1,0,0,1,0,1,1,1,1,1,0,1,0,0,1,0,1,0,1,0,1,0,0,0,0,0,0,0,0,0,0,0,0,1,0,0,0,0
blca,Black Canyon of the Gunnison NP,DEC,5608,0,0,0,0,1,0,0,1,0,1,1,1,1,1,0,1,0,0,1,0,1,0,1,0,1,0,0,0,0,0,0,0,0,0,0,0,0,0,0,0,0,1
blca,Black Canyon of the Gunnison NP,FEB,6601,0,0,0,0,1,0,0,1,0,1,1,1,1,1,0,1,0,0,1,0,1,0,1,0,1,0,0,0,0,0,0,1,0,0,0,0,0,0,0,0,0,0
blca,Black Canyon of the Gunnison NP,JAN,6951,0,0,0,0,1,0,0,1,0,1,1,1,1,1,0,1,0,0,1,0,1,0,1,0,1,0,0,0,0,0,1,0,0,0,0,0,0,0,0,0,0,0
blca,Black Canyon of the Gunnison NP,JUL,53237,0,0,0,0,1,0,0,1,0,1,1,1,1,1,0,1,0,0,1,0,1,0,1,0,1,0,0,0,0,0,0,0,0,0,0,0,1,0,0,0,0,0
blca,Black Canyon of the Gunnison NP,JUN,57224,0,0,0,0,1,0,0,1,0,1,1,1,1,1,0,1,0,0,1,0,1,0,1,0,1,0,0,0,0,0,0,0,0,0,0,1,0,0,0,0,0,0
blca,Black Canyon of the Gunnison NP,MAR,9383,0,0,0,0,1,0,0,1,0,1,1,1,1,1,0,1,0,0,1,0,1,0,1,0,1,0,0,0,0,0,0,0,1,0,0,0,0,0,0,0,0,0
blca,Black Canyon of the Gunnison NP,MAY,34270,0,0,0,0,1,0,0,1,0,1,1,1,1,1,0,1,0,0,1,0,1,0,1,0,1,0,0,0,0,0,0,0,0,0,1,0,0,0,0,0,0,0
blca,Black Canyon of the Gunnison NP,NOV,11539,0,0,0,0,1,0,0,1,0,1,1,1,1,1,0,1,0,0,1,0,1,0,1,0,1,0,0,0,0,0,0,0,0,0,0,0,0,0,0,0,1,0
blca,Black Canyon of the Gunnison NP,OCT,34019,0,0,0,0,1,0,0,1,0,1,1,1,1,1,0,1,0,0,1,0,1,0,1,0,1,0,0,0,0,0,0,0,0,0,0,0,0,0,0,1,0,0
blca,Black Canyon of the Gunnison NP,SEP,54665,0,0,0,0,1,0,0,1,0,1,1,1,1,1,0,1,0,0,1,0,1,0,1,0,1,0,0,0,0,0,0,0,0,0,0,0,0,0,1,0,0,0
brca,Bryce Canyon NP,APR,229797,0,0,0,0,1,0,1,1,0,0,1,1,1,1,0,1,1,1,0,0,1,0,0,0,0,0,0,0,0,0,0,0,0,1,0,0,0,0,0,0,0,0
brca,Bryce Canyon NP,AUG,300280,0,0,0,0,1,0,1,1,0,0,1,1,1,1,0,1,1,1,0,0,1,0,0,0,0,0,0,0,0,0,0,0,0,0,0,0,0,1,0,0,0,0
brca,Bryce Canyon NP,DEC,65379,0,0,0,0,1,0,1,1,0,0,1,1,1,1,0,1,1,1,0,0,1,0,0,0,0,0,0,0,0,0,0,0,0,0,0,0,0,0,0,0,0,1
brca,Bryce Canyon NP,FEB,39629,0,0,0,0,1,0,1,1,0,0,1,1,1,1,0,1,1,1,0,0,1,0,0,0,0,0,0,0,0,0,0,1,0,0,0,0,0,0,0,0,0,0
brca,Bryce Canyon NP,JAN,32464,0,0,0,0,1,0,1,1,0,0,1,1,1,1,0,1,1,1,0,0,1,0,0,0,0,0,0,0,0,0,1,0,0,0,0,0,0,0,0,0,0,0
brca,Bryce Canyon NP,JUL,319540,0,0,0,0,1,0,1,1,0,0,1,1,1,1,0,1,1,1,0,0,1,0,0,0,0,0,0,0,0,0,0,0,0,0,0,0,1,0,0,0,0,0
brca,Bryce Canyon NP,JUN,347567,0,0,0,0,1,0,1,1,0,0,1,1,1,1,0,1,1,1,0,0,1,0,0,0,0,0,0,0,0,0,0,0,0,0,0,1,0,0,0,0,0,0
brca,Bryce Canyon NP,MAR,103536,0,0,0,0,1,0,1,1,0,0,1,1,1,1,0,1,1,1,0,0,1,0,0,0,0,0,0,0,0,0,0,0,1,0,0,0,0,0,0,0,0,0
brca,Bryce Canyon NP,MAY,337175,0,0,0,0,1,0,1,1,0,0,1,1,1,1,0,1,1,1,0,0,1,0,0,0,0,0,0,0,0,0,0,0,0,0,1,0,0,0,0,0,0,0
brca,Bryce Canyon NP,NOV,83001,0,0,0,0,1,0,1,1,0,0,1,1,1,1,0,1,1,1,0,0,1,0,0,0,0,0,0,0,0,0,0,0,0,0,0,0,0,0,0,0,1,0
brca,Bryce Canyon NP,OCT,272988,0,0,0,0,1,0,1,1,0,0,1,1,1,1,0,1,1,1,0,0,1,0,0,0,0,0,0,0,0,0,0,0,0,0,0,0,0,0,0,1,0,0
brca,Bryce Canyon NP,SEP,366719,0,0,0,0,1,0,1,1,0,0,1,1,1,1,0,1,1,1,0,0,1,0,0,0,0,0,0,0,0,0,0,0,0,0,0,0,0,0,1,0,0,0
cany,Canyonlands NP,APR,107239,0,0,0,0,1,1,0,1,0,0,1,0,1,1,1,0,0,0,0,0,1,0,1,0,1,0,0,0,0,0,0,0,0,1,0,0,0,0,0,0,0,0
cany,Canyonlands NP,AUG,65386,0,0,0,0,1,1,0,1,0,0,1,0,1,1,1,0,0,0,0,0,1,0,1,0,1,0,0,0,0,0,0,0,0,0,0,0,0,1,0,0,0,0
cany,Canyonlands NP,DEC,20062,0,0,0,0,1,1,0,1,0,0,1,0,1,1,1,0,0,0,0,0,1,0,1,0,1,0,0,0,0,0,0,0,0,0,0,0,0,0,0,0,0,1
cany,Canyonlands NP,FEB,17841,0,0,0,0,1,1,0,1,0,0,1,0,1,1,1,0,0,0,0,0,1,0,1,0,1,0,0,0,0,0,0,1,0,0,0,0,0,0,0,0,0,0
cany,Canyonlands NP,JAN,6055,0,0,0,0,1,1,0,1,0,0,1,0,1,1,1,0,0,0,0,0,1,0,1,0,1,0,0,0,0,0,1,0,0,0,0,0,0,0,0,0,0,0
cany,Canyonlands NP,JUL,70592,0,0,0,0,1,1,0,1,0,0,1,0,1,1,1,0,0,0,0,0,1,0,1,0,1,0,0,0,0,0,0,0,0,0,0,0,1,0,0,0,0,0
cany,Canyonlands NP,JUN,88579,0,0,0,0,1,1,0,1,0,0,1,0,1,1,1,0,0,0,0,0,1,0,1,0,1,0,0,0,0,0,0,0,0,0,0,1,0,0,0,0,0,0
cany,Canyonlands NP,MAR,79031,0,0,0,0,1,1,0,1,0,0,1,0,1,1,1,0,0,0,0,0,1,0,1,0,1,0,0,0,0,0,0,0,1,0,0,0,0,0,0,0,0,0
cany,Canyonlands NP,MAY,120011,0,0,0,0,1,1,0,1,0,0,1,0,1,1,1,0,0,0,0,0,1,0,1,0,1,0,0,0,0,0,0,0,0,0,1,0,0,0,0,0,0,0
cany,Canyonlands NP,NOV,41545,0,0,0,0,1,1,0,1,0,0,1,0,1,1,1,0,0,0,0,0,1,0,1,0,1,0,0,0,0,0,0,0,0,0,0,0,0,0,0,0,1,0
cany,Canyonlands NP,OCT,96428,0,0,0,0,1,1,0,1,0,0,1,0,1,1,1,0,0,0,0,0,1,0,1,0,1,0,0,0,0,0,0,0,0,0,0,0,0,0,0,1,0,0
cany,Canyonlands NP,SEP,105723,0,0,0,0,1,1,0,1,0,0,1,0,1,1,1,0,0,0,0,0,1,0,1,0,1,0,0,0,0,0,0,0,0,0,0,0,0,0,1,0,0,0
care,Capitol Reef NP,APR,159923,1,1,0,1,1,1,1,1,0,0,1,1,1,1,1,1,1,1,0,1,1,0,1,0,1,1,1,1,0,0,0,0,0,1,0,0,0,0,0,0,0,0
care,Capitol Reef NP,AUG,114322,1,1,0,1,1,1,1,1,0,0,1,1,1,1,1,1,1,1,0,1,1,0,1,0,1,1,1,1,0,0,0,0,0,0,0,0,0,1,0,0,0,0
care,Capitol Reef NP,DEC,43772,1,1,0,1,1,1,1,1,0,0,1,1,1,1,1,1,1,1,0,1,1,0,1,0,1,1,1,1,0,0,0,0,0,0,0,0,0,0,0,0,0,1
care,Capitol Reef NP,FEB,20301,1,1,0,1,1,1,1,1,0,0,1,1,1,1,1,1,1,1,0,1,1,0,1,0,1,1,1,1,0,0,0,1,0,0,0,0,0,0,0,0,0,0
care,Capitol Reef NP,JAN,20490,1,1,0,1,1,1,1,1,0,0,1,1,1,1,1,1,1,1,0,1,1,0,1,0,1,1,1,1,0,0,1,0,0,0,0,0,0,0,0,0,0,0
care,Capitol Reef NP,JUL,127118,1,1,0,1,1,1,1,1,0,0,1,1,1,1,1,1,1,1,0,1,1,0,1,0,1,1,1,1,0,0,0,0,0,0,0,0,1,0,0,0,0,0
care,Capitol Reef NP,JUN,157882,1,1,0,1,1,1,1,1,0,0,1,1,1,1,1,1,1,1,0,1,1,0,1,0,1,1,1,1,0,0,0,0,0,0,0,1,0,0,0,0,0,0
care,Capitol Reef NP,MAR,88763,1,1,0,1,1,1,1,1,0,0,1,1,1,1,1,1,1,1,0,1,1,0,1,0,1,1,1,1,0,0,0,0,1,0,0,0,0,0,0,0,0,0
care,Capitol Reef NP,MAY,211504,1,1,0,1,1,1,1,1,0,0,1,1,1,1,1,1,1,1,0,1,1,0,1,0,1,1,1,1,0,0,0,0,0,0,1,0,0,0,0,0,0,0
care,Capitol Reef NP,NOV,79974,1,1,0,1,1,1,1,1,0,0,1,1,1,1,1,1,1,1,0,1,1,0,1,0,1,1,1,1,0,0,0,0,0,0,0,0,0,0,0,0,1,0
care,Capitol Reef NP,OCT,197115,1,1,0,1,1,1,1,1,0,0,1,1,1,1,1,1,1,1,0,1,1,0,1,0,1,1,1,1,0,0,0,0,0,0,0,0,0,0,0,1,0,0
care,Capitol Reef NP,SEP,201326,1,1,0,1,1,1,1,1,0,0,1,1,1,1,1,1,1,1,0,1,1,0,1,0,1,1,1,1,0,0,0,0,0,0,0,0,0,0,1,0,0,0
cave,Carlsbad Caverns NP,APR,50142,0,0,0,0,1,1,0,1,0,0,1,1,0,1,0,0,1,0,1,0,0,0,0,0,0,0,0,0,0,0,0,0,0,1,0,0,0,0,0,0,0,0
cave,Carlsbad Caverns NP,AUG,42598,0,0,0,0,1,1,0,1,0,0,1,1,0,1,0,0,1,0,1,0,0,0,0,0,0,0,0,0,0,0,0,0,0,0,0,0,0,1,0,0,0,0
cave,Carlsbad Caverns NP,DEC,33122,0,0,0,0,1,1,0,1,0,0,1,1,0,1,0,0,1,0,1,0,0,0,0,0,0,0,0,0,0,0,0,0,0,0,0,0,0,0,0,0,0,1
cave,Carlsbad Caverns NP,FEB,21587,0,0,0,0,1,1,0,1,0,0,1,1,0,1,0,0,1,0,1,0,0,0,0,0,0,0,0,0,0,0,0,1,0,0,0,0,0,0,0,0,0,0
cave,Carlsbad Caverns NP,JAN,19713,0,0,0,0,1,1,0,1,0,0,1,1,0,1,0,0,1,0,1,0,0,0,0,0,0,0,0,0,0,0,1,0,0,0,0,0,0,0,0,0,0,0
cave,Carlsbad Caverns NP,JUL,54587,0,0,0,0,1,1,0,1,0,0,1,1,0,1,0,0,1,0,1,0,0,0,0,0,0,0,0,0,0,0,0,0,0,0,0,0,1,0,0,0,0,0
cave,Carlsbad Caverns NP,JUN,52133,0,0,0,0,1,1,0,1,0,0,1,1,0,1,0,0,1,0,1,0,0,0,0,0,0,0,0,0,0,0,0,0,0,0,0,1,0,0,0,0,0,0
cave,Carlsbad Caverns NP,MAR,54031,0,0,0,0,1,1,0,1,0,0,1,1,0,1,0,0,1,0,1,0,0,0,0,0,0,0,0,0,0,0,0,0,1,0,0,0,0,0,0,0,0,0
cave,Carlsbad Caverns NP,MAY,38458,0,0,0,0,1,1,0,1,0,0,1,1,0,1,0,0,1,0,1,0,0,0,0,0,0,0,0,0,0,0,0,0,0,0,1,0,0,0,0,0,0,0
cave,Carlsbad Caverns NP,NOV,30660,0,0,0,0,1,1,0,1,0,0,1,1,0,1,0,0,1,0,1,0,0,0,0,0,0,0,0,0,0,0,0,0,0,0,0,0,0,0,0,0,1,0
cave,Carlsbad Caverns NP,OCT,35854,0,0,0,0,1,1,0,1,0,0,1,1,0,1,0,0,1,0,1,0,0,0,0,0,0,0,0,0,0,0,0,0,0,0,0,0,0,0,0,1,0,0
cave,Carlsbad Caverns NP,SEP,27589,0,0,0,0,1,1,0,1,0,0,1,1,0,1,0,0,1,0,1,0,0,0,0,0,0,0,0,0,0,0,0,0,0,0,0,0,0,0,1,0,0,0
chis,Channel Islands NP,APR,22081,0,1,1,0,1,1,1,1,0,1,1,1,0,1,1,1,1,1,1,0,0,0,1,1,1,0,0,0,1,0,0,0,0,1,0,0,0,0,0,0,0,0
chis,Channel Islands NP,AUG,26380,0,1,1,0,1,1,1,1,0,1,1,1,0,1,1,1,1,1,1,0,0,0,1,1,1,0,0,0,1,0,0,0,0,0,0,0,0,1,0,0,0,0
chis,Channel Islands NP,DEC,14893,0,1,1,0,1,1,1,1,0,1,1,1,0,1,1,1,1,1,1,0,0,0,1,1,1,0,0,0,1,0,0,0,0,0,0,0,0,0,0,0,0,1
chis,Channel Islands NP,FEB,14888,0,1,1,0,1,1,1,1,0,1,1,1,0,1,1,1,1,1,1,0,0,0,1,1,1,0,0,0,1,0,0,1,0,0,0,0,0,0,0,0,0,0
chis,Channel Islands NP,JAN,17055,0,1,1,0,1,1,1,1,0,1,1,1,0,1,1,1,1,1,1,0,0,0,1,1,1,0,0,0,1,0,1,0,0,0,0,0,0,0,0,0,0,0
chis,Channel Islands NP,JUL,32816,0,1,1,0,1,1,1,1,0,1,1,1,0,1,1,1,1,1,1,0,0,0,1,1,1,0,0,0,1,0,0,0,0,0,0,0,1,0,0,0,0,0
chis,Channel Islands NP,JUN,26180,0,1,1,0,1,1,1,1,0,1,1,1,0,1,1,1,1,1,1,0,0,0,1,1,1,0,0,0,1,0,0,0,0,0,0,1,0,0,0,0,0,0
chis,Channel Islands NP,MAR,23069,0,1,1,0,1,1,1,1,0,1,1,1,0,1,1,1,1,1,1,0,0,0,1,1,1,0,0,0,1,0,0,0,1,0,0,0,0,0,0,0,0,0
chis,Channel Islands NP,MAY,23374,0,1,1,0,1,1,1,1,0,1,1,1,0,1,1,1,1,1,1,0,0,0,1,1,1,0,0,0,1,0,0,0,0,0,1,0,0,0,0,0,0,0
chis,Channel Islands NP,NOV,17900,0,1,1,0,1,1,1,1,0,1,1,1,0,1,1,1,1,1,1,0,0,0,1,1,1,0,0,0,1,0,0,0,0,0,0,0,0,0,0,0,1,0
chis,Channel Islands NP,OCT,23694,0,1,1,0,1,1,1,1,0,1,1,1,0,1,1,1,1,1,1,0,0,0,1,1,1,0,0,0,1,0,0,0,0,0,0,0,0,0,0,1,0,0
chis,Channel Islands NP,SEP,20251,0,1,1,0,1,1,1,1,0,1,1,1,0,1,1,1,1,1,1,0,0,0,1,1,1,0,0,0,1,0,0,0,0,0,0,0,0,0,1,0,0,0
cong,Congaree NP,APR,23386,1,1,0,1,1,1,1,1,1,0,1,1,0,1,0,1,1,1,1,0,0,0,1,0,1,0,0,0,0,0,0,0,0,1,0,0,0,0,0,0,0,0
cong,Congaree NP,AUG,12143,1,1,0,1,1,1,1,1,1,0,1,1,0,1,0,1,1,1,1,0,0,0,1,0,1,0,0,0,0,0,0,0,0,0,0,0,0,1,0,0,0,0
cong,Congaree NP,DEC,14973,1,1,0,1,1,1,1,1,1,0,1,1,0,1,0,1,1,1,1,0,0,0,1,0,1,0,0,0,0,0,0,0,0,0,0,0,0,0,0,0,0,1
cong,Congaree NP,FEB,16847,1,1,0,1,1,1,1,1,1,0,1,1,0,1,0,1,1,1,1,0,0,0,1,0,1,0,0,0,0,0,0,1,0,0,0,0,0,0,0,0,0,0
cong,Congaree NP,JAN,13574,1,1,0,1,1,1,1,1,1,0,1,1,0,1,0,1,1,1,1,0,0,0,1,0,1,0,0,0,0,0,1,0,0,0,0,0,0,0,0,0,0,0
cong,Congaree NP,JUL,16342,1,1,0,1,1,1,1,1,1,0,1,1,0,1,0,1,1,1,1,0,0,0,1,0,1,0,0,0,0,0,0,0,0,0,0,0,1,0,0,0,0,0
cong,Congaree NP,JUN,20048,1,1,0,1,1,1,1,1,1,0,1,1,0,1,0,1,1,1,1,0,0,0,1,0,1,0,0,0,0,0,0,0,0,0,0,1,0,0,0,0,0,0
cong,Congaree NP,MAR,33992,1,1,0,1,1,1,1,1,1,0,1,1,0,1,0,1,1,1,1,0,0,0,1,0,1,0,0,0,0,0,0,0,1,0,0,0,0,0,0,0,0,0
cong,Congaree NP,MAY,33257,1,1,0,1,1,1,1,1,1,0,1,1,0,1,0,1,1,1,1,0,0,0,1,0,1,0,0,0,0,0,0,0,0,0,1,0,0,0,0,0,0,0
cong,Congaree NP,NOV,23423,1,1,0,1,1,1,1,1,1,0,1,1,0,1,0,1,1,1,1,0,0,0,1,0,1,0,0,0,0,0,0,0,0,0,0,0,0,0,0,0,1,0
cong,Congaree NP,OCT,21310,1,1,0,1,1,1,1,1,1,0,1,1,0,1,0,1,1,1,1,0,0,0,1,0,1,0,0,0,0,0,0,0,0,0,0,0,0,0,0,1,0,0
cong,Congaree NP,SEP,12754,1,1,0,1,1,1,1,1,1,0,1,1,0,1,0,1,1,1,1,0,0,0,1,0,1,0,0,0,0,0,0,0,0,0,0,0,0,0,1,0,0,0
crla,Crater Lake NP,APR,13142,1,0,0,0,1,1,1,1,1,1,1,0,0,1,0,1,1,1,1,0,0,0,0,0,1,0,1,1,1,0,0,0,0,1,0,0,0,0,0,0,0,0
crla,Crater Lake NP,AUG,93343,1,0,0,0,1,1,1,1,1,1,1,0,0,1,0,1,1,1,1,0,0,0,0,0,1,0,1,1,1,0,0,0,0,0,0,0,0,1,0,0,0,0
crla,Crater Lake NP,DEC,5005,1,0,0,0,1,1,1,1,1,1,1,0,0,1,0,1,1,1,1,0,0,0,0,0,1,0,1,1,1,0,0,0,0,0,0,0,0,0,0,0,0,1
crla,Crater Lake NP,FEB,5304,1,0,0,0,1,1,1,1,1,1,1,0,0,1,0,1,1,1,1,0,0,0,0,0,1,0,1,1,1,0,0,1,0,0,0,0,0,0,0,0,0,0
crla,Crater Lake NP,JAN,4659,1,0,0,0,1,1,1,1,1,1,1,0,0,1,0,1,1,1,1,0,0,0,0,0,1,0,1,1,1,0,1,0,0,0,0,0,0,0,0,0,0,0
crla,Crater Lake NP,JUL,153196,1,0,0,0,1,1,1,1,1,1,1,0,0,1,0,1,1,1,1,0,0,0,0,0,1,0,1,1,1,0,0,0,0,0,0,0,1,0,0,0,0,0
crla,Crater Lake NP,JUN,66311,1,0,0,0,1,1,1,1,1,1,1,0,0,1,0,1,1,1,1,0,0,0,0,0,1,0,1,1,1,0,0,0,0,0,0,1,0,0,0,0,0,0
crla,Crater Lake NP,MAR,7277,1,0,0,0,1,1,1,1,1,1,1,0,0,1,0,1,1,1,1,0,0,0,0,0,1,0,1,1,1,0,0,0,1,0,0,0,0,0,0,0,0,0
crla,Crater Lake NP,MAY,31706,1,0,0,0,1,1,1,1,1,1,1,0,0,1,0,1,1,1,1,0,0,0,0,0,1,0,1,1,1,0,0,0,0,0,1,0,0,0,0,0,0,0
crla,Crater Lake NP,NOV,7238,1,0,0,0,1,1,1,1,1,1,1,0,0,1,0,1,1,1,1,0,0,0,0,0,1,0,1,1,1,0,0,0,0,0,0,0,0,0,0,0,1,0
crla,Crater Lake NP,OCT,42103,1,0,0,0,1,1,1,1,1,1,1,0,0,1,0,1,1,1,1,0,0,0,0,0,1,0,1,1,1,0,0,0,0,0,0,0,0,0,0,1,0,0
crla,Crater Lake NP,SEP,75658,1,0,0,0,1,1,1,1,1,1,1,0,0,1,0,1,1,1,1,0,0,0,0,0,1,0,1,1,1,0,0,0,0,0,0,0,0,0,1,0,0,0
cuva,Cuyahoga Valley NP,APR,280875,0,1,0,0,1,0,1,1,1,0,0,0,0,1,0,0,0,0,0,0,0,0,1,0,0,0,0,1,0,0,0,0,0,1,0,0,0,0,0,0,0,0
cuva,Cuyahoga Valley NP,AUG,300183,0,1,0,0,1,0,1,1,1,0,0,0,0,1,0,0,0,0,0,0,0,0,1,0,0,0,0,1,0,0,0,0,0,0,0,0,0,1,0,0,0,0
cuva,Cuyahoga Valley NP,DEC,131379,0,1,0,0,1,0,1,1,1,0,0,0,0,1,0,0,0,0,0,0,0,0,1,0,0,0,0,1,0,0,0,0,0,0,0,0,0,0,0,0,0,1
cuva,Cuyahoga Valley NP,FEB,101659,0,1,0,0,1,0,1,1,1,0,0,0,0,1,0,0,0,0,0,0,0,0,1,0,0,0,0,1,0,0,0,1,0,0,0,0,0,0,0,0,0,0
cuva,Cuyahoga Valley NP,JAN,84307,0,1,0,0,1,0,1,1,1,0,0,0,0,1,0,0,0,0,0,0,0,0,1,0,0,0,0,1,0,0,1,0,0,0,0,0,0,0,0,0,0,0
cuva,Cuyahoga Valley NP,JUL,399887,0,1,0,0,1,0,1,1,1,0,0,0,0,1,0,0,0,0,0,0,0,0,1,0,0,0,0,1,0,0,0,0,0,0,0,0,1,0,0,0,0,0
cuva,Cuyahoga Valley NP,JUN,354492,0,1,0,0,1,0,1,1,1,0,0,0,0,1,0,0,0,0,0,0,0,0,1,0,0,0,0,1,0,0,0,0,0,0,0,1,0,0,0,0,0,0
cuva,Cuyahoga Valley NP,MAR,213800,0,1,0,0,1,0,1,1,1,0,0,0,0,1,0,0,0,0,0,0,0,0,1,0,0,0,0,1,0,0,0,0,1,0,0,0,0,0,0,0,0,0
cuva,Cuyahoga Valley NP,MAY,311592,0,1,0,0,1,0,1,1,1,0,0,0,0,1,0,0,0,0,0,0,0,0,1,0,0,0,0,1,0,0,0,0,0,0,1,0,0,0,0,0,0,0
cuva,Cuyahoga Valley NP,NOV,156954,0,1,0,0,1,0,1,1,1,0,0,0,0,1,0,0,0,0,0,0,0,0,1,0,0,0,0,1,0,0,0,0,0,0,0,0,0,0,0,0,1,0
cuva,Cuyahoga Valley NP,OCT,307446,0,1,0,0,1,0,1,1,1,0,0,0,0,1,0,0,0,0,0,0,0,0,1,0,0,0,0,1,0,0,0,0,0,0,0,0,0,0,0,1,0,0
cuva,Cuyahoga Valley NP,SEP,269880,0,1,0,0,1,0,1,1,1,0,0,0,0,1,0,0,0,0,0,0,0,0,1,0,0,0,0,1,0,0,0,0,0,0,0,0,0,0,1,0,0,0
deva,Death Valley NP,APR,165429,0,0,0,0,1,1,0,1,0,1,1,1,0,1,1,1,1,1,1,0,0,0,0,0,0,0,0,0,0,0,0,0,0,1,0,0,0,0,0,0,0,0
deva,Death Valley NP,AUG,110158,0,0,0,0,1,1,0,1,0,1,1,1,0,1,1,1,1,1,1,0,0,0,0,0,0,0,0,0,0,0,0,0,0,0,0,0,0,1,0,0,0,0
deva,Death Valley NP,DEC,122031,0,0,0,0,1,1,0,1,0,1,1,1,0,1,1,1,1,1,1,0,0,0,0,0,0,0,0,0,0,0,0,0,0,0,0,0,0,0,0,0,0,1
deva,Death Valley NP,FEB,123912,0,0,0,0,1,1,0,1,0,1,1,1,0,1,1,1,1,1,1,0,0,0,0,0,0,0,0,0,0,0,0,1,0,0,0,0,0,0,0,0,0,0
deva,Death Valley NP,JAN,85415,0,0,0,0,1,1,0,1,0,1,1,1,0,1,1,1,1,1,1,0,0,0,0,0,0,0,0,0,0,0,1,0,0,0,0,0,0,0,0,0,0,0
deva,Death Valley NP,JUL,99078,0,0,0,0,1,1,0,1,0,1,1,1,0,1,1,1,1,1,1,0,0,0,0,0,0,0,0,0,0,0,0,0,0,0,0,0,1,0,0,0,0,0
deva,Death Valley NP,JUN,69830,0,0,0,0,1,1,0,1,0,1,1,1,0,1,1,1,1,1,1,0,0,0,0,0,0,0,0,0,0,0,0,0,0,0,0,1,0,0,0,0,0,0
deva,Death Valley NP,MAR,161476,0,0,0,0,1,1,0,1,0,1,1,1,0,1,1,1,1,1,1,0,0,0,0,0,0,0,0,0,0,0,0,0,1,0,0,0,0,0,0,0,0,0
deva,Death Valley NP,MAY,139306,0,0,0,0,1,1,0,1,0,1,1,1,0,1,1,1,1,1,1,0,0,0,0,0,0,0,0,0,0,0,0,0,0,0,1,0,0,0,0,0,0,0
deva,Death Valley NP,NOV,129189,0,0,0,0,1,1,0,1,0,1,1,1,0,1,1,1,1,1,1,0,0,0,0,0,0,0,0,0,0,0,0,0,0,0,0,0,0,0,0,0,1,0
deva,Death Valley NP,OCT,129633,0,0,0,0,1,1,0,1,0,1,1,1,0,1,1,1,1,1,1,0,0,0,0,0,0,0,0,0,0,0,0,0,0,0,0,0,0,0,0,1,0,0
deva,Death Valley NP,SEP,105027,0,0,0,0,1,1,0,1,0,1,1,1,0,1,1,1,1,1,1,0,0,0,0,0,0,0,0,0,0,0,0,0,0,0,0,0,0,0,1,0,0,0
dena,Denali NP & PRES,APR,7485,0,0,0,0,1,0,1,1,1,1,1,0,0,1,1,1,0,0,1,0,0,0,1,0,0,1,0,0,0,0,0,0,0,1,0,0,0,0,0,0,0,0
dena,Denali NP & PRES,AUG,132364,0,0,0,0,1,0,1,1,1,1,1,0,0,1,1,1,0,0,1,0,0,0,1,0,0,1,0,0,0,0,0,0,0,0,0,0,0,1,0,0,0,0
dena,Denali NP & PRES,DEC,3176,0,0,0,0,1,0,1,1,1,1,1,0,0,1,1,1,0,0,1,0,0,0,1,0,0,1,0,0,0,0,0,0,0,0,0,0,0,0,0,0,0,1
dena,Denali NP & PRES,FEB,3828,0,0,0,0,1,0,1,1,1,1,1,0,0,1,1,1,0,0,1,0,0,0,1,0,0,1,0,0,0,0,0,1,0,0,0,0,0,0,0,0,0,0
dena,Denali NP & PRES,JAN,2265,0,0,0,0,1,0,1,1,1,1,1,0,0,1,1,1,0,0,1,0,0,0,1,0,0,1,0,0,0,0,1,0,0,0,0,0,0,0,0,0,0,0
dena,Denali NP & PRES,JUL,98514,0,0,0,0,1,0,1,1,1,1,1,0,0,1,1,1,0,0,1,0,0,0,1,0,0,1,0,0,0,0,0,0,0,0,0,0,1,0,0,0,0,0
dena,Denali NP & PRES,JUN,116208,0,0,0,0,1,0,1,1,1,1,1,0,0,1,1,1,0,0,1,0,0,0,1,0,0,1,0,0,0,0,0,0,0,0,0,1,0,0,0,0,0,0
dena,Denali NP & PRES,MAR,9651,0,0,0,0,1,0,1,1,1,1,1,0,0,1,1,1,0,0,1,0,0,0,1,0,0,1,0,0,0,0,0,0,1,0,0,0,0,0,0,0,0,0
dena,Denali NP & PRES,MAY,35884,0,0,0,0,1,0,1,1,1,1,1,0,0,1,1,1,0,0,1,0,0,0,1,0,0,1,0,0,0,0,0,0,0,0,1,0,0,0,0,0,0,0
dena,Denali NP & PRES,NOV,2428,0,0,0,0,1,0,1,1,1,1,1,0,0,1,1,1,0,0,1,0,0,0,1,0,0,1,0,0,0,0,0,0,0,0,0,0,0,0,0,0,1,0
dena,Denali NP & PRES,OCT,6405,0,0,0,0,1,0,1,1,1,1,1,0,0,1,1,1,0,0,1,0,0,0,1,0,0,1,0,0,0,0,0,0,0,0,0,0,0,0,0,1,0,0
dena,Denali NP & PRES,SEP,48019,0,0,0,0,1,0,1,1,1,1,1,0,0,1,1,1,0,0,1,0,0,0,1,0,0,1,0,0,0,0,0,0,0,0,0,0,0,0,1,0,0,0
drto,Dry Tortugas NP,APR,8194,0,0,1,0,1,1,0,1,0,0,1,0,0,0,0,0,1,1,0,0,0,0,0,1,0,0,0,0,1,0,0,0,0,1,0,0,0,0,0,0,0,0
drto,Dry Tortugas NP,AUG,5165,0,0,1,0,1,1,0,1,0,0,1,0,0,0,0,0,1,1,0,0,0,0,0,1,0,0,0,0,1,0,0,0,0,0,0,0,0,1,0,0,0,0
drto,Dry Tortugas NP,DEC,7515,0,0,1,0,1,1,0,1,0,0,1,0,0,0,0,0,1,1,0,0,0,0,0,1,0,0,0,0,1,0,0,0,0,0,0,0,0,0,0,0,0,1
drto,Dry Tortugas NP,FEB,7108,0,0,1,0,1,1,0,1,0,0,1,0,0,0,0,0,1,1,0,0,0,0,0,1,0,0,0,0,1,0,0,1,0,0,0,0,0,0,0,0,0,0
drto,Dry Tortugas NP,JAN,7673,0,0,1,0,1,1,0,1,0,0,1,0,0,0,0,0,1,1,0,0,0,0,0,1,0,0,0,0,1,0,1,0,0,0,0,0,0,0,0,0,0,0
drto,Dry Tortugas NP,JUL,7835,0,0,1,0,1,1,0,1,0,0,1,0,0,0,0,0,1,1,0,0,0,0,0,1,0,0,0,0,1,0,0,0,0,0,0,0,1,0,0,0,0,0
drto,Dry Tortugas NP,JUN,8325,0,0,1,0,1,1,0,1,0,0,1,0,0,0,0,0,1,1,0,0,0,0,0,1,0,0,0,0,1,0,0,0,0,0,0,1,0,0,0,0,0,0
drto,Dry Tortugas NP,MAR,7961,0,0,1,0,1,1,0,1,0,0,1,0,0,0,0,0,1,1,0,0,0,0,0,1,0,0,0,0,1,0,0,0,1,0,0,0,0,0,0,0,0,0
drto,Dry Tortugas NP,MAY,8542,0,0,1,0,1,1,0,1,0,0,1,0,0,0,0,0,1,1,0,0,0,0,0,1,0,0,0,0,1,0,0,0,0,0,1,0,0,0,0,0,0,0
drto,Dry Tortugas NP,NOV,6577,0,0,1,0,1,1,0,1,0,0,1,0,0,0,0,0,1,1,0,0,0,0,0,1,0,0,0,0,1,0,0,0,0,0,0,0,0,0,0,0,1,0
drto,Dry Tortugas NP,OCT,4288,0,0,1,0,1,1,0,1,0,0,1,0,0,0,0,0,1,1,0,0,0,0,0,1,0,0,0,0,1,0,0,0,0,0,0,0,0,0,0,1,0,0
drto,Dry Tortugas NP,SEP,5690,0,0,1,0,1,1,0,1,0,0,1,0,0,0,0,0,1,1,0,0,0,0,0,1,0,0,0,0,1,0,0,0,0,0,0,0,0,0,1,0,0,0
ever,Everglades NP,APR,58807,0,1,0,1,1,1,0,1,0,0,1,0,0,1,0,1,1,1,1,0,0,0,1,0,0,0,0,0,1,0,0,0,0,1,0,0,0,0,0,0,0,0
ever,Everglades NP,AUG,56695,0,1,0,1,1,1,0,1,0,0,1,0,0,1,0,1,1,1,1,0,0,0,1,0,0,0,0,0,1,0,0,0,0,0,0,0,0,1,0,0,0,0
ever,Everglades NP,DEC,81054,0,1,0,1,1,1,0,1,0,0,1,0,0,1,0,1,1,1,1,0,0,0,1,0,0,0,0,0,1,0,0,0,0,0,0,0,0,0,0,0,0,1
ever,Everglades NP,FEB,83898,0,1,0,1,1,1,0,1,0,0,1,0,0,1,0,1,1,1,1,0,0,0,1,0,0,0,0,0,1,0,0,1,0,0,0,0,0,0,0,0,0,0
ever,Everglades NP,JAN,65585,0,1,0,1,1,1,0,1,0,0,1,0,0,1,0,1,1,1,1,0,0,0,1,0,0,0,0,0,1,0,1,0,0,0,0,0,0,0,0,0,0,0
ever,Everglades NP,JUL,65941,0,1,0,1,1,1,0,1,0,0,1,0,0,1,0,1,1,1,1,0,0,0,1,0,0,0,0,0,1,0,0,0,0,0,0,0,1,0,0,0,0,0
ever,Everglades NP,JUN,53704,0,1,0,1,1,1,0,1,0,0,1,0,0,1,0,1,1,1,1,0,0,0,1,0,0,0,0,0,1,0,0,0,0,0,0,1,0,0,0,0,0,0
ever,Everglades NP,MAR,96400,0,1,0,1,1,1,0,1,0,0,1,0,0,1,0,1,1,1,1,0,0,0,1,0,0,0,0,0,1,0,0,0,1,0,0,0,0,0,0,0,0,0
ever,Everglades NP,MAY,43859,0,1,0,1,1,1,0,1,0,0,1,0,0,1,0,1,1,1,1,0,0,0,1,0,0,0,0,0,1,0,0,0,0,0,1,0,0,0,0,0,0,0
ever,Everglades NP,NOV,60247,0,1,0,1,1,1,0,1,0,0,1,0,0,1,0,1,1,1,1,0,0,0,1,0,0,0,0,0,1,0,0,0,0,0,0,0,0,0,0,0,1,0
ever,Everglades NP,OCT,38085,0,1,0,1,1,1,0,1,0,0,1,0,0,1,0,1,1,1,1,0,0,0,1,0,0,0,0,0,1,0,0,0,0,0,0,0,0,0,0,1,0,0
ever,Everglades NP,SEP,37708,0,1,0,1,1,1,0,1,0,0,1,0,0,1,0,1,1,1,1,0,0,0,1,0,0,0,0,0,1,0,0,0,0,0,0,0,0,0,1,0,0,0
gaar,Gates of the Arctic NP & PRES,AUG,3193,0,0,0,0,0,0,0,0,0,0,0,0,0,1,0,0,0,0,1,0,0,0,1,0,1,0,0,0,0,0,0,0,0,0,0,0,0,1,0,0,0,0
gaar,Gates of the Arctic NP & PRES,JUL,3733,0,0,0,0,0,0,0,0,0,0,0,0,0,1,0,0,0,0,1,0,0,0,1,0,1,0,0,0,0,0,0,0,0,0,0,0,1,0,0,0,0,0
gaar,Gates of the Arctic NP & PRES,JUN,3117,0,0,0,0,0,0,0,0,0,0,0,0,0,1,0,0,0,0,1,0,0,0,1,0,1,0,0,0,0,0,0,0,0,0,0,1,0,0,0,0,0,0
gaar,Gates of the Arctic NP & PRES,MAY,362,0,0,0,0,0,0,0,0,0,0,0,0,0,1,0,0,0,0,1,0,0,0,1,0,1,0,0,0,0,0,0,0,0,0,1,0,0,0,0,0,0,0
gaar,Gates of the Arctic NP & PRES,SEP,1502,0,0,0,0,0,0,0,0,0,0,0,0,0,1,0,0,0,0,1,0,0,0,1,0,1,0,0,0,0,0,0,0,0,0,0,0,0,0,1,0,0,0
jeff,Gateway Arch NP,APR,209455,0,1,0,0,0,0,0,0,0,0,0,0,0,0,0,0,0,0,0,0,0,0,0,0,1,0,0,0,1,0,0,0,0,1,0,0,0,0,0,0,0,0
jeff,Gateway Arch NP,AUG,322088,0,1,0,0,0,0,0,0,0,0,0,0,0,0,0,0,0,0,0,0,0,0,0,0,1,0,0,0,1,0,0,0,0,0,0,0,0,1,0,0,0,0
jeff,Gateway Arch NP,DEC,115639,0,1,0,0,0,0,0,0,0,0,0,0,0,0,0,0,0,0,0,0,0,0,0,0,1,0,0,0,1,0,0,0,0,0,0,0,0,0,0,0,0,1
jeff,Gateway Arch NP,FEB,88836,0,1,0,0,0,0,0,0,0,0,0,0,0,0,0,0,0,0,0,0,0,0,0,0,1,0,0,0,1,0,0,1,0,0,0,0,0,0,0,0,0,0
jeff,Gateway Arch NP,JAN,58573,0,1,0,0,0,0,0,0,0,0,0,0,0,0,0,0,0,0,0,0,0,0,0,0,1,0,0,0,1,0,1,0,0,0,0,0,0,0,0,0,0,0
jeff,Gateway Arch NP,JUL,533302,0,1,0,0,0,0,0,0,0,0,0,0,0,0,0,0,0,0,0,0,0,0,0,0,1,0,0,0,1,0,0,0,0,0,0,0,1,0,0,0,0,0
jeff,Gateway Arch NP,JUN,302480,0,1,0,0,0,0,0,0,0,0,0,0,0,0,0,0,0,0,0,0,0,0,0,0,1,0,0,0,1,0,0,0,0,0,0,1,0,0,0,0,0,0
jeff,Gateway Arch NP,MAR,236061,0,1,0,0,0,0,0,0,0,0,0,0,0,0,0,0,0,0,0,0,0,0,0,0,1,0,0,0,1,0,0,0,1,0,0,0,0,0,0,0,0,0
jeff,Gateway Arch NP,MAY,224478,0,1,0,0,0,0,0,0,0,0,0,0,0,0,0,0,0,0,0,0,0,0,0,0,1,0,0,0,1,0,0,0,0,0,1,0,0,0,0,0,0,0
jeff,Gateway Arch NP,NOV,124801,0,1,0,0,0,0,0,0,0,0,0,0,0,0,0,0,0,0,0,0,0,0,0,0,1,0,0,0,1,0,0,0,0,0,0,0,0,0,0,0,1,0
jeff,Gateway Arch NP,OCT,181075,0,1,0,0,0,0,0,0,0,0,0,0,0,0,0,0,0,0,0,0,0,0,0,0,1,0,0,0,1,0,0,0,0,0,0,0,0,0,0,1,0,0
jeff,Gateway Arch NP,SEP,166264,0,1,0,0,0,0,0,0,0,0,0,0,0,0,0,0,0,0,0,0,0,0,0,0,1,0,0,0,1,0,0,0,0,0,0,0,0,0,1,0,0,0
glba,Glacier Bay NP & PRES,APR,415,0,1,0,0,1,1,1,1,0,1,0,0,0,0,0,0,0,0,1,0,0,0,0,0,1,1,0,0,1,0,0,0,0,1,0,0,0,0,0,0,0,0
glba,Glacier Bay NP & PRES,AUG,149393,0,1,0,0,1,1,1,1,0,1,0,0,0,0,0,0,0,0,1,0,0,0,0,0,1,1,0,0,1,0,0,0,0,0,0,0,0,1,0,0,0,0
glba,Glacier Bay NP & PRES,DEC,214,0,1,0,0,1,1,1,1,0,1,0,0,0,0,0,0,0,0,1,0,0,0,0,0,1,1,0,0,1,0,0,0,0,0,0,0,0,0,0,0,0,1
glba,Glacier Bay NP & PRES,FEB,223,0,1,0,0,1,1,1,1,0,1,0,0,0,0,0,0,0,0,1,0,0,0,0,0,1,1,0,0,1,0,0,1,0,0,0,0,0,0,0,0,0,0
glba,Glacier Bay NP & PRES,JAN,285,0,1,0,0,1,1,1,1,0,1,0,0,0,0,0,0,0,0,1,0,0,0,0,0,1,1,0,0,1,0,1,0,0,0,0,0,0,0,0,0,0,0
glba,Glacier Bay NP & PRES,JUL,160858,0,1,0,0,1,1,1,1,0,1,0,0,0,0,0,0,0,0,1,0,0,0,0,0,1,1,0,0,1,0,0,0,0,0,0,0,1,0,0,0,0,0
glba,Glacier Bay NP & PRES,JUN,147973,0,1,0,0,1,1,1,1,0,1,0,0,0,0,0,0,0,0,1,0,0,0,0,0,1,1,0,0,1,0,0,0,0,0,0,1,0,0,0,0,0,0
glba,Glacier Bay NP & PRES,MAR,248,0,1,0,0,1,1,1,1,0,1,0,0,0,0,0,0,0,0,1,0,0,0,0,0,1,1,0,0,1,0,0,0,1,0,0,0,0,0,0,0,0,0
glba,Glacier Bay NP & PRES,MAY,127844,0,1,0,0,1,1,1,1,0,1,0,0,0,0,0,0,0,0,1,0,0,0,0,0,1,1,0,0,1,0,0,0,0,0,1,0,0,0,0,0,0,0
glba,Glacier Bay NP & PRES,NOV,224,0,1,0,0,1,1,1,1,0,1,0,0,0,0,0,0,0,0,1,0,0,0,0,0,1,1,0,0,1,0,0,0,0,0,0,0,0,0,0,0,1,0
glba,Glacier Bay NP & PRES,OCT,37624,0,1,0,0,1,1,1,1,0,1,0,0,0,0,0,0,0,0,1,0,0,0,0,0,1,1,0,0,1,0,0,0,0,0,0,0,0,0,0,1,0,0
glba,Glacier Bay NP & PRES,SEP,110981,0,1,0,0,1,1,1,1,0,1,0,0,0,0,0,0,0,0,1,0,0,0,0,0,1,1,0,0,1,0,0,0,0,0,0,0,0,0,1,0,0,0
glac,Glacier NP,APR,45056,1,1,0,1,1,1,1,1,1,1,1,0,1,1,1,1,0,0,1,0,0,0,1,0,0,1,0,1,1,0,0,0,0,1,0,0,0,0,0,0,0,0
glac,Glacier NP,AUG,748996,1,1,0,1,1,1,1,1,1,1,1,0,1,1,1,1,0,0,1,0,0,0,1,0,0,1,0,1,1,0,0,0,0,0,0,0,0,1,0,0,0,0
glac,Glacier NP,DEC,19977,1,1,0,1,1,1,1,1,1,1,1,0,1,1,1,1,0,0,1,0,0,0,1,0,0,1,0,1,1,0,0,0,0,0,0,0,0,0,0,0,0,1
glac,Glacier NP,FEB,16658,1,1,0,1,1,1,1,1,1,1,1,0,1,1,1,1,0,0,1,0,0,0,1,0,0,1,0,1,1,0,0,1,0,0,0,0,0,0,0,0,0,0
glac,Glacier NP,JAN,13610,1,1,0,1,1,1,1,1,1,1,1,0,1,1,1,1,0,0,1,0,0,0,1,0,0,1,0,1,1,0,1,0,0,0,0,0,0,0,0,0,0,0
glac,Glacier NP,JUL,791717,1,1,0,1,1,1,1,1,1,1,1,0,1,1,1,1,0,0,1,0,0,0,1,0,0,1,0,1,1,0,0,0,0,0,0,0,1,0,0,0,0,0
glac,Glacier NP,JUN,549591,1,1,0,1,1,1,1,1,1,1,1,0,1,1,1,1,0,0,1,0,0,0,1,0,0,1,0,1,1,0,0,0,0,0,0,1,0,0,0,0,0,0
glac,Glacier NP,MAR,24073,1,1,0,1,1,1,1,1,1,1,1,0,1,1,1,1,0,0,1,0,0,0,1,0,0,1,0,1,1,0,0,0,1,0,0,0,0,0,0,0,0,0
glac,Glacier NP,MAY,209556,1,1,0,1,1,1,1,1,1,1,1,0,1,1,1,1,0,0,1,0,0,0,1,0,0,1,0,1,1,0,0,0,0,0,1,0,0,0,0,0,0,0
glac,Glacier NP,NOV,22164,1,1,0,1,1,1,1,1,1,1,1,0,1,1,1,1,0,0,1,0,0,0,1,0,0,1,0,1,1,0,0,0,0,0,0,0,0,0,0,0,1,0
glac,Glacier NP,OCT,165018,1,1,0,1,1,1,1,1,1,1,1,0,1,1,1,1,0,0,1,0,0,0,1,0,0,1,0,1,1,0,0,0,0,0,0,0,0,0,0,1,0,0
glac,Glacier NP,SEP,602339,1,1,0,1,1,1,1,1,1,1,1,0,1,1,1,1,0,0,1,0,0,0,1,0,0,1,0,1,1,0,0,0,0,0,0,0,0,0,1,0,0,0
grca,Grand Canyon NP,APR,472467,1,1,0,1,1,1,1,1,0,0,1,1,1,1,1,1,1,1,0,0,0,0,1,0,1,0,0,0,1,1,0,0,0,1,0,0,0,0,0,0,0,0
grca,Grand Canyon NP,AUG,507709,1,1,0,1,1,1,1,1,0,0,1,1,1,1,1,1,1,1,0,0,0,0,1,0,1,0,0,0,1,1,0,0,0,0,0,0,0,1,0,0,0,0
grca,Grand Canyon NP,DEC,321191,1,1,0,1,1,1,1,1,0,0,1,1,1,1,1,1,1,1,0,0,0,0,1,0,1,0,0,0,1,1,0,0,0,0,0,0,0,0,0,0,0,1
grca,Grand Canyon NP,FEB,191721,1,1,0,1,1,1,1,1,0,0,1,1,1,1,1,1,1,1,0,0,0,0,1,0,1,0,0,0,1,1,0,1,0,0,0,0,0,0,0,0,0,0
grca,Grand Canyon NP,JAN,175848,1,1,0,1,1,1,1,1,0,0,1,1,1,1,1,1,1,1,0,0,0,0,1,0,1,0,0,0,1,1,1,0,0,0,0,0,0,0,0,0,0,0
grca,Grand Canyon NP,JUL,538554,1,1,0,1,1,1,1,1,0,0,1,1,1,1,1,1,1,1,0,0,0,0,1,0,1,0,0,0,1,1,0,0,0,0,0,0,1,0,0,0,0,0
grca,Grand Canyon NP,JUN,496170,1,1,0,1,1,1,1,1,0,0,1,1,1,1,1,1,1,1,0,0,0,0,1,0,1,0,0,0,1,1,0,0,0,0,0,1,0,0,0,0,0,0
grca,Grand Canyon NP,MAR,402019,1,1,0,1,1,1,1,1,0,0,1,1,1,1,1,1,1,1,0,0,0,0,1,0,1,0,0,0,1,1,0,0,1,0,0,0,0,0,0,0,0,0
grca,Grand Canyon NP,MAY,551570,1,1,0,1,1,1,1,1,0,0,1,1,1,1,1,1,1,1,0,0,0,0,1,0,1,0,0,0,1,1,0,0,0,0,1,0,0,0,0,0,0,0
grca,Grand Canyon NP,NOV,334942,1,1,0,1,1,1,1,1,0,0,1,1,1,1,1,1,1,1,0,0,0,0,1,0,1,0,0,0,1,1,0,0,0,0,0,0,0,0,0,0,1,0
grca,Grand Canyon NP,OCT,455042,1,1,0,1,1,1,1,1,0,0,1,1,1,1,1,1,1,1,0,0,0,0,1,0,1,0,0,0,1,1,0,0,0,0,0,0,0,0,0,1,0,0
grca,Grand Canyon NP,SEP,471930,1,1,0,1,1,1,1,1,0,0,1,1,1,1,1,1,1,1,0,0,0,0,1,0,1,0,0,0,1,1,0,0,0,0,0,0,0,0,1,0,0,0
grte,Grand Teton NP,APR,76805,0,0,0,0,1,0,1,1,1,1,0,0,0,0,0,1,1,1,1,0,0,0,0,0,1,1,0,0,1,0,0,0,0,1,0,0,0,0,0,0,0,0
grte,Grand Teton NP,AUG,701711,0,0,0,0,1,0,1,1,1,1,0,0,0,0,0,1,1,1,1,0,0,0,0,0,1,1,0,0,1,0,0,0,0,0,0,0,0,1,0,0,0,0
grte,Grand Teton NP,DEC,40962,0,0,0,0,1,0,1,1,1,1,0,0,0,0,0,1,1,1,1,0,0,0,0,0,1,1,0,0,1,0,0,0,0,0,0,0,0,0,0,0,0,1
grte,Grand Teton NP,FEB,56180,0,0,0,0,1,0,1,1,1,1,0,0,0,0,0,1,1,1,1,0,0,0,0,0,1,1,0,0,1,0,0,1,0,0,0,0,0,0,0,0,0,0
grte,Grand Teton NP,JAN,51698,0,0,0,0,1,0,1,1,1,1,0,0,0,0,0,1,1,1,1,0,0,0,0,0,1,1,0,0,1,0,1,0,0,0,0,0,0,0,0,0,0,0
grte,Grand Teton NP,JUL,772800,0,0,0,0,1,0,1,1,1,1,0,0,0,0,0,1,1,1,1,0,0,0,0,0,1,1,0,0,1,0,0,0,0,0,0,0,1,0,0,0,0,0
grte,Grand Teton NP,JUN,647776,0,0,0,0,1,0,1,1,1,1,0,0,0,0,0,1,1,1,1,0,0,0,0,0,1,1,0,0,1,0,0,0,0,0,0,1,0,0,0,0,0,0
grte,Grand Teton NP,MAR,61722,0,0,0,0,1,0,1,1,1,1,0,0,0,0,0,1,1,1,1,0,0,0,0,0,1,1,0,0,1,0,0,0,1,0,0,0,0,0,0,0,0,0
grte,Grand Teton NP,MAY,320307,0,0,0,0,1,0,1,1,1,1,0,0,0,0,0,1,1,1,1,0,0,0,0,0,1,1,0,0,1,0,0,0,0,0,1,0,0,0,0,0,0,0
grte,Grand Teton NP,NOV,48230,0,0,0,0,1,0,1,1,1,1,0,0,0,0,0,1,1,1,1,0,0,0,0,0,1,1,0,0,1,0,0,0,0,0,0,0,0,0,0,0,1,0
grte,Grand Teton NP,OCT,270892,0,0,0,0,1,0,1,1,1,1,0,0,0,0,0,1,1,1,1,0,0,0,0,0,1,1,0,0,1,0,0,0,0,0,0,0,0,0,0,1,0,0
grte,Grand Teton NP,SEP,579139,0,0,0,0,1,0,1,1,1,1,0,0,0,0,0,1,1,1,1,0,0,0,0,0,1,1,0,0,1,0,0,0,0,0,0,0,0,0,1,0,0,0
grba,Great Basin NP,APR,7712,0,0,0,0,1,0,0,0,0,0,1,1,0,0,0,0,0,0,0,0,0,0,0,0,0,0,0,0,0,0,0,0,0,1,0,0,0,0,0,0,0,0
grba,Great Basin NP,AUG,23780,0,0,0,0,1,0,0,0,0,0,1,1,0,0,0,0,0,0,0,0,0,0,0,0,0,0,0,0,0,0,0,0,0,0,0,0,0,1,0,0,0,0
grba,Great Basin NP,DEC,3693,0,0,0,0,1,0,0,0,0,0,1,1,0,0,0,0,0,0,0,0,0,0,0,0,0,0,0,0,0,0,0,0,0,0,0,0,0,0,0,0,0,1
grba,Great Basin NP,FEB,2336,0,0,0,0,1,0,0,0,0,0,1,1,0,0,0,0,0,0,0,0,0,0,0,0,0,0,0,0,0,0,0,1,0,0,0,0,0,0,0,0,0,0
grba,Great Basin NP,JAN,1374,0,0,0,0,1,0,0,0,0,0,1,1,0,0,0,0,0,0,0,0,0,0,0,0,0,0,0,0,0,0,1,0,0,0,0,0,0,0,0,0,0,0
grba,Great Basin NP,JUL,23718,0,0,0,0,1,0,0,0,0,0,1,1,0,0,0,0,0,0,0,0,0,0,0,0,0,0,0,0,0,0,0,0,0,0,0,0,1,0,0,0,0,0
grba,Great Basin NP,JUN,25122,0,0,0,0,1,0,0,0,0,0,1,1,0,0,0,0,0,0,0,0,0,0,0,0,0,0,0,0,0,0,0,0,0,0,0,1,0,0,0,0,0,0
grba,Great Basin NP,MAR,3076,0,0,0,0,1,0,0,0,0,0,1,1,0,0,0,0,0,0,0,0,0,0,0,0,0,0,0,0,0,0,0,0,1,0,0,0,0,0,0,0,0,0
grba,Great Basin NP,MAY,15694,0,0,0,0,1,0,0,0,0,0,1,1,0,0,0,0,0,0,0,0,0,0,0,0,0,0,0,0,0,0,0,0,0,0,1,0,0,0,0,0,0,0
grba,Great Basin NP,NOV,1375,0,0,0,0,1,0,0,0,0,0,1,1,0,0,0,0,0,0,0,0,0,0,0,0,0,0,0,0,0,0,0,0,0,0,0,0,0,0,0,0,1,0
grba,Great Basin NP,OCT,18904,0,0,0,0,1,0,0,0,0,0,1,1,0,0,0,0,0,0,0,0,0,0,0,0,0,0,0,0,0,0,0,0,0,0,0,0,0,0,0,1,0,0
grba,Great Basin NP,SEP,25284,0,0,0,0,1,0,0,0,0,0,1,1,0,0,0,0,0,0,0,0,0,0,0,0,0,0,0,0,0,0,0,0,0,0,0,0,0,0,1,0,0,0
grsa,Great Sand Dunes NP & PRES,APR,23869,1,1,0,0,1,1,1,1,1,1,1,1,1,1,0,1,1,0,1,0,0,0,1,0,1,0,1,0,0,1,0,0,0,1,0,0,0,0,0,0,0,0
grsa,Great Sand Dunes NP & PRES,AUG,59855,1,1,0,0,1,1,1,1,1,1,1,1,1,1,0,1,1,0,1,0,0,0,1,0,1,0,1,0,0,1,0,0,0,0,0,0,0,1,0,0,0,0
grsa,Great Sand Dunes NP & PRES,DEC,8598,1,1,0,0,1,1,1,1,1,1,1,1,1,1,0,1,1,0,1,0,0,0,1,0,1,0,1,0,0,1,0,0,0,0,0,0,0,0,0,0,0,1
grsa,Great Sand Dunes NP & PRES,FEB,6720,1,1,0,0,1,1,1,1,1,1,1,1,1,1,0,1,1,0,1,0,0,0,1,0,1,0,1,0,0,1,0,1,0,0,0,0,0,0,0,0,0,0
grsa,Great Sand Dunes NP & PRES,JAN,4038,1,1,0,0,1,1,1,1,1,1,1,1,1,1,0,1,1,0,1,0,0,0,1,0,1,0,1,0,0,1,1,0,0,0,0,0,0,0,0,0,0,0
grsa,Great Sand Dunes NP & PRES,JUL,75796,1,1,0,0,1,1,1,1,1,1,1,1,1,1,0,1,1,0,1,0,0,0,1,0,1,0,1,0,0,1,0,0,0,0,0,0,1,0,0,0,0,0
grsa,Great Sand Dunes NP & PRES,JUN,83212,1,1,0,0,1,1,1,1,1,1,1,1,1,1,0,1,1,0,1,0,0,0,1,0,1,0,1,0,0,1,0,0,0,0,0,1,0,0,0,0,0,0
grsa,Great Sand Dunes NP & PRES,MAR,21191,1,1,0,0,1,1,1,1,1,1,1,1,1,1,0,1,1,0,1,0,0,0,1,0,1,0,1,0,0,1,0,0,1,0,0,0,0,0,0,0,0,0
grsa,Great Sand Dunes NP & PRES,MAY,63601,1,1,0,0,1,1,1,1,1,1,1,1,1,1,0,1,1,0,1,0,0,0,1,0,1,0,1,0,0,1,0,0,0,0,1,0,0,0,0,0,0,0
grsa,Great Sand Dunes NP & PRES,NOV,10312,1,1,0,0,1,1,1,1,1,1,1,1,1,1,0,1,1,0,1,0,0,0,1,0,1,0,1,0,0,1,0,0,0,0,0,0,0,0,0,0,1,0
grsa,Great Sand Dunes NP & PRES,OCT,36114,1,1,0,0,1,1,1,1,1,1,1,1,1,1,0,1,1,0,1,0,0,0,1,0,1,0,1,0,0,1,0,0,0,0,0,0,0,0,0,1,0,0
grsa,Great Sand Dunes NP & PRES,SEP,44355,1,1,0,0,1,1,1,1,1,1,1,1,1,1,0,1,1,0,1,0,0,0,1,0,1,0,1,0,0,1,0,0,0,0,0,0,0,0,1,0,0,0
gumo,Guadalupe Mountains NP,APR,32284,0,1,0,0,1,0,0,1,0,1,0,0,1,1,1,0,0,0,0,1,1,0,0,0,0,0,0,0,0,0,0,0,0,1,0,0,0,0,0,0,0,0
gumo,Guadalupe Mountains NP,AUG,8965,0,1,0,0,1,0,0,1,0,1,0,0,1,1,1,0,0,0,0,1,1,0,0,0,0,0,0,0,0,0,0,0,0,0,0,0,0,1,0,0,0,0
gumo,Guadalupe Mountains NP,DEC,25321,0,1,0,0,1,0,0,1,0,1,0,0,1,1,1,0,0,0,0,1,1,0,0,0,0,0,0,0,0,0,0,0,0,0,0,0,0,0,0,0,0,1
gumo,Guadalupe Mountains NP,FEB,16240,0,1,0,0,1,0,0,1,0,1,0,0,1,1,1,0,0,0,0,1,1,0,0,0,0,0,0,0,0,0,0,1,0,0,0,0,0,0,0,0,0,0
gumo,Guadalupe Mountains NP,JAN,10565,0,1,0,0,1,0,0,1,0,1,0,0,1,1,1,0,0,0,0,1,1,0,0,0,0,0,0,0,0,0,1,0,0,0,0,0,0,0,0,0,0,0
gumo,Guadalupe Mountains NP,JUL,13104,0,1,0,0,1,0,0,1,0,1,0,0,1,1,1,0,0,0,0,1,1,0,0,0,0,0,0,0,0,0,0,0,0,0,0,0,1,0,0,0,0,0
gumo,Guadalupe Mountains NP,JUN,12872,0,1,0,0,1,0,0,1,0,1,0,0,1,1,1,0,0,0,0,1,1,0,0,0,0,0,0,0,0,0,0,0,0,0,0,1,0,0,0,0,0,0
gumo,Guadalupe Mountains NP,MAR,33401,0,1,0,0,1,0,0,1,0,1,0,0,1,1,1,0,0,0,0,1,1,0,0,0,0,0,0,0,0,0,0,0,1,0,0,0,0,0,0,0,0,0
gumo,Guadalupe Mountains NP,MAY,19808,0,1,0,0,1,0,0,1,0,1,0,0,1,1,1,0,0,0,0,1,1,0,0,0,0,0,0,0,0,0,0,0,0,0,1,0,0,0,0,0,0,0
gumo,Guadalupe Mountains NP,NOV,21306,0,1,0,0,1,0,0,1,0,1,0,0,1,1,1,0,0,0,0,1,1,0,0,0,0,0,0,0,0,0,0,0,0,0,0,0,0,0,0,0,1,0
gumo,Guadalupe Mountains NP,OCT,22510,0,1,0,0,1,0,0,1,0,1,0,0,1,1,1,0,0,0,0,1,1,0,0,0,0,0,0,0,0,0,0,0,0,0,0,0,0,0,0,1,0,0
gumo,Guadalupe Mountains NP,SEP,9758,0,1,0,0,1,0,0,1,0,1,0,0,1,1,1,0,0,0,0,1,1,0,0,0,0,0,0,0,0,0,0,0,0,0,0,0,0,0,1,0,0,0
hale,Haleakala NP,APR,59427,0,0,0,1,1,0,1,0,0,0,0,0,0,0,0,0,1,0,1,0,0,0,0,0,0,0,0,0,0,0,0,0,0,1,0,0,0,0,0,0,0,0
hale,Haleakala NP,AUG,62600,0,0,0,1,1,0,1,0,0,0,0,0,0,0,0,0,1,0,1,0,0,0,0,0,0,0,0,0,0,0,0,0,0,0,0,0,0,1,0,0,0,0
hale,Haleakala NP,DEC,70493,0,0,0,1,1,0,1,0,0,0,0,0,0,0,0,0,1,0,1,0,0,0,0,0,0,0,0,0,0,0,0,0,0,0,0,0,0,0,0,0,0,1
hale,Haleakala NP,FEB,53964,0,0,0,1,1,0,1,0,0,0,0,0,0,0,0,0,1,0,1,0,0,0,0,0,0,0,0,0,0,0,0,1,0,0,0,0,0,0,0,0,0,0
hale,Haleakala NP,JAN,60752,0,0,0,1,1,0,1,0,0,0,0,0,0,0,0,0,1,0,1,0,0,0,0,0,0,0,0,0,0,0,1,0,0,0,0,0,0,0,0,0,0,0
hale,Haleakala NP,JUL,38026,0,0,0,1,1,0,1,0,0,0,0,0,0,0,0,0,1,0,1,0,0,0,0,0,0,0,0,0,0,0,0,0,0,0,0,0,1,0,0,0,0,0
hale,Haleakala NP,JUN,64736,0,0,0,1,1,0,1,0,0,0,0,0,0,0,0,0,1,0,1,0,0,0,0,0,0,0,0,0,0,0,0,0,0,0,0,1,0,0,0,0,0,0
hale,Haleakala NP,MAR,69084,0,0,0,1,1,0,1,0,0,0,0,0,0,0,0,0,1,0,1,0,0,0,0,0,0,0,0,0,0,0,0,0,1,0,0,0,0,0,0,0,0,0
hale,Haleakala NP,MAY,62801,0,0,0,1,1,0,1,0,0,0,0,0,0,0,0,0,1,0,1,0,0,0,0,0,0,0,0,0,0,0,0,0,0,0,1,0,0,0,0,0,0,0
hale,Haleakala NP,NOV,60098,0,0,0,1,1,0,1,0,0,0,0,0,0,0,0,0,1,0,1,0,0,0,0,0,0,0,0,0,0,0,0,0,0,0,0,0,0,0,0,0,1,0
hale,Haleakala NP,OCT,66793,0,0,0,1,1,0,1,0,0,0,0,0,0,0,0,0,1,0,1,0,0,0,0,0,0,0,0,0,0,0,0,0,0,0,0,0,0,0,0,1,0,0
hale,Haleakala NP,SEP,63703,0,0,0,1,1,0,1,0,0,0,0,0,0,0,0,0,1,0,1,0,0,0,0,0,0,0,0,0,0,0,0,0,0,0,0,0,0,0,1,0,0,0
havo,Hawaii Volcanoes NP,APR,99199,0,0,0,0,1,0,0,0,0,0,0,0,1,1,0,1,1,1,1,0,0,0,0,0,0,0,0,0,0,0,0,0,0,1,0,0,0,0,0,0,0,0
havo,Hawaii Volcanoes NP,AUG,127562,0,0,0,0,1,0,0,0,0,0,0,0,1,1,0,1,1,1,1,0,0,0,0,0,0,0,0,0,0,0,0,0,0,0,0,0,0,1,0,0,0,0
havo,Hawaii Volcanoes NP,DEC,169439,0,0,0,0,1,0,0,0,0,0,0,0,1,1,0,1,1,1,1,0,0,0,0,0,0,0,0,0,0,0,0,0,0,0,0,0,0,0,0,0,0,1
havo,Hawaii Volcanoes NP,FEB,132112,0,0,0,0,1,0,0,0,0,0,0,0,1,1,0,1,1,1,1,0,0,0,0,0,0,0,0,0,0,0,0,1,0,0,0,0,0,0,0,0,0,0
havo,Hawaii Volcanoes NP,JAN,136620,0,0,0,0,1,0,0,0,0,0,0,0,1,1,0,1,1,1,1,0,0,0,0,0,0,0,0,0,0,0,1,0,0,0,0,0,0,0,0,0,0,0
havo,Hawaii Volcanoes NP,JUL,127649,0,0,0,0,1,0,0,0,0,0,0,0,1,1,0,1,1,1,1,0,0,0,0,0,0,0,0,0,0,0,0,0,0,0,0,0,1,0,0,0,0,0
havo,Hawaii Volcanoes NP,JUN,123916,0,0,0,0,1,0,0,0,0,0,0,0,1,1,0,1,1,1,1,0,0,0,0,0,0,0,0,0,0,0,0,0,0,0,0,1,0,0,0,0,0,0
havo,Hawaii Volcanoes NP,MAR,113623,0,0,0,0,1,0,0,0,0,0,0,0,1,1,0,1,1,1,1,0,0,0,0,0,0,0,0,0,0,0,0,0,1,0,0,0,0,0,0,0,0,0
havo,Hawaii Volcanoes NP,MAY,97318,0,0,0,0,1,0,0,0,0,0,0,0,1,1,0,1,1,1,1,0,0,0,0,0,0,0,0,0,0,0,0,0,0,0,1,0,0,0,0,0,0,0
havo,Hawaii Volcanoes NP,NOV,109900,0,0,0,0,1,0,0,0,0,0,0,0,1,1,0,1,1,1,1,0,0,0,0,0,0,0,0,0,0,0,0,0,0,0,0,0,0,0,0,0,1,0
havo,Hawaii Volcanoes NP,OCT,98621,0,0,0,0,1,0,0,0,0,0,0,0,1,1,0,1,1,1,1,0,0,0,0,0,0,0,0,0,0,0,0,0,0,0,0,0,0,0,0,1,0,0
havo,Hawaii Volcanoes NP,SEP,97634,0,0,0,0,1,0,0,0,0,0,0,0,1,1,0,1,1,1,1,0,0,0,0,0,0,0,0,0,0,0,0,0,0,0,0,0,0,0,1,0,0,0
hosp,Hot Springs NP,APR,281931,1,0,0,0,1,0,1,1,0,1,0,0,0,1,0,1,0,0,0,0,0,1,0,0,1,0,0,0,1,1,0,0,0,1,0,0,0,0,0,0,0,0
hosp,Hot Springs NP,AUG,263021,1,0,0,0,1,0,1,1,0,1,0,0,0,1,0,1,0,0,0,0,0,1,0,0,1,0,0,0,1,1,0,0,0,0,0,0,0,1,0,0,0,0
hosp,Hot Springs NP,DEC,132356,1,0,0,0,1,0,1,1,0,1,0,0,0,1,0,1,0,0,0,0,0,1,0,0,1,0,0,0,1,1,0,0,0,0,0,0,0,0,0,0,0,1
hosp,Hot Springs NP,FEB,230444,1,0,0,0,1,0,1,1,0,1,0,0,0,1,0,1,0,0,0,0,0,1,0,0,1,0,0,0,1,1,0,1,0,0,0,0,0,0,0,0,0,0
hosp,Hot Springs NP,JAN,145593,1,0,0,0,1,0,1,1,0,1,0,0,0,1,0,1,0,0,0,0,0,1,0,0,1,0,0,0,1,1,1,0,0,0,0,0,0,0,0,0,0,0
hosp,Hot Springs NP,JUL,280144,1,0,0,0,1,0,1,1,0,1,0,0,0,1,0,1,0,0,0,0,0,1,0,0,1,0,0,0,1,1,0,0,0,0,0,0,1,0,0,0,0,0
hosp,Hot Springs NP,JUN,362828,1,0,0,0,1,0,1,1,0,1,0,0,0,1,0,1,0,0,0,0,0,1,0,0,1,0,0,0,1,1,0,0,0,0,0,1,0,0,0,0,0,0
hosp,Hot Springs NP,MAR,299361,1,0,0,0,1,0,1,1,0,1,0,0,0,1,0,1,0,0,0,0,0,1,0,0,1,0,0,0,1,1,0,0,1,0,0,0,0,0,0,0,0,0
hosp,Hot Springs NP,MAY,111653,1,0,0,0,1,0,1,1,0,1,0,0,0,1,0,1,0,0,0,0,0,1,0,0,1,0,0,0,1,1,0,0,0,0,1,0,0,0,0,0,0,0
hosp,Hot Springs NP,NOV,116591,1,0,0,0,1,0,1,1,0,1,0,0,0,1,0,1,0,0,0,0,0,1,0,0,1,0,0,0,1,1,0,0,0,0,0,0,0,0,0,0,1,0
hosp,Hot Springs NP,OCT,103447,1,0,0,0,1,0,1,1,0,1,0,0,0,1,0,1,0,0,0,0,0,1,0,0,1,0,0,0,1,1,0,0,0,0,0,0,0,0,0,1,0,0
hosp,Hot Springs NP,SEP,134443,1,0,0,0,1,0,1,1,0,1,0,0,0,1,0,1,0,0,0,0,0,1,0,0,1,0,0,0,1,1,0,0,0,0,0,0,0,0,1,0,0,0
indu,Indiana Dunes NP,APR,168932,1,0,0,0,1,0,0,0,1,0,0,0,0,1,0,0,0,0,0,0,0,0,0,0,0,0,0,0,1,0,0,0,0,1,0,0,0,0,0,0,0,0
indu,Indiana Dunes NP,AUG,414972,1,0,0,0,1,0,0,0,1,0,0,0,0,1,0,0,0,0,0,0,0,0,0,0,0,0,0,0,1,0,0,0,0,0,0,0,0,1,0,0,0,0
indu,Indiana Dunes NP,DEC,89684,1,0,0,0,1,0,0,0,1,0,0,0,0,1,0,0,0,0,0,0,0,0,0,0,0,0,0,0,1,0,0,0,0,0,0,0,0,0,0,0,0,1
indu,Indiana Dunes NP,FEB,92355,1,0,0,0,1,0,0,0,1,0,0,0,0,1,0,0,0,0,0,0,0,0,0,0,0,0,0,0,1,0,0,1,0,0,0,0,0,0,0,0,0,0
indu,Indiana Dunes NP,JAN,61625,1,0,0,0,1,0,0,0,1,0,0,0,0,1,0,0,0,0,0,0,0,0,0,0,0,0,0,0,1,0,1,0,0,0,0,0,0,0,0,0,0,0
indu,Indiana Dunes NP,JUL,445294,1,0,0,0,1,0,0,0,1,0,0,0,0,1,0,0,0,0,0,0,0,0,0,0,0,0,0,0,1,0,0,0,0,0,0,0,1,0,0,0,0,0
indu,Indiana Dunes NP,JUN,456916,1,0,0,0,1,0,0,0,1,0,0,0,0,1,0,0,0,0,0,0,0,0,0,0,0,0,0,0,1,0,0,0,0,0,0,1,0,0,0,0,0,0
indu,Indiana Dunes NP,MAR,122949,1,0,0,0,1,0,0,0,1,0,0,0,0,1,0,0,0,0,0,0,0,0,0,0,0,0,0,0,1,0,0,0,1,0,0,0,0,0,0,0,0,0
indu,Indiana Dunes NP,MAY,289683,1,0,0,0,1,0,0,0,1,0,0,0,0,1,0,0,0,0,0,0,0,0,0,0,0,0,0,0,1,0,0,0,0,0,1,0,0,0,0,0,0,0
indu,Indiana Dunes NP,NOV,115943,1,0,0,0,1,0,0,0,1,0,0,0,0,1,0,0,0,0,0,0,0,0,0,0,0,0,0,0,1,0,0,0,0,0,0,0,0,0,0,0,1,0
indu,Indiana Dunes NP,OCT,206285,1,0,0,0,1,0,0,0,1,0,0,0,0,1,0,0,0,0,0,0,0,0,0,0,0,0,0,0,1,0,0,0,0,0,0,0,0,0,0,1,0,0
indu,Indiana Dunes NP,SEP,240571,1,0,0,0,1,0,0,0,1,0,0,0,0,1,0,0,0,0,0,0,0,0,0,0,0,0,0,0,1,0,0,0,0,0,0,0,0,0,1,0,0,0
isro,Isle Royale NP,APR,83,0,0,1,1,1,1,1,1,1,0,1,1,0,1,0,1,1,1,1,0,0,0,0,1,0,0,0,0,0,0,0,0,0,1,0,0,0,0,0,0,0,0
isro,Isle Royale NP,AUG,8933,0,0,1,1,1,1,1,1,1,0,1,1,0,1,0,1,1,1,1,0,0,0,0,1,0,0,0,0,0,0,0,0,0,0,0,0,0,1,0,0,0,0
isro,Isle Royale NP,JUL,8629,0,0,1,1,1,1,1,1,1,0,1,1,0,1,0,1,1,1,1,0,0,0,0,1,0,0,0,0,0,0,0,0,0,0,0,0,1,0,0,0,0,0
isro,Isle Royale NP,JUN,5759,0,0,1,1,1,1,1,1,1,0,1,1,0,1,0,1,1,1,1,0,0,0,0,1,0,0,0,0,0,0,0,0,0,0,0,1,0,0,0,0,0,0
isro,Isle Royale NP,MAY,1689,0,0,1,1,1,1,1,1,1,0,1,1,0,1,0,1,1,1,1,0,0,0,0,1,0,0,0,0,0,0,0,0,0,0,1,0,0,0,0,0,0,0
isro,Isle Royale NP,OCT,292,0,0,1,1,1,1,1,1,1,0,1,1,0,1,0,1,1,1,1,0,0,0,0,1,0,0,0,0,0,0,0,0,0,0,0,0,0,0,0,1,0,0
isro,Isle Royale NP,SEP,3421,0,0,1,1,1,1,1,1,1,0,1,1,0,1,0,1,1,1,1,0,0,0,0,1,0,0,0,0,0,0,0,0,0,0,0,0,0,0,1,0,0,0
jotr,Joshua Tree NP,APR,343806,0,0,0,0,1,0,0,1,0,0,1,0,0,1,0,0,1,1,1,0,0,0,0,0,0,0,0,0,0,1,0,0,0,1,0,0,0,0,0,0,0,0
jotr,Joshua Tree NP,AUG,143049,0,0,0,0,1,0,0,1,0,0,1,0,0,1,0,0,1,1,1,0,0,0,0,0,0,0,0,0,0,1,0,0,0,0,0,0,0,1,0,0,0,0
jotr,Joshua Tree NP,DEC,342051,0,0,0,0,1,0,0,1,0,0,1,0,0,1,0,0,1,1,1,0,0,0,0,0,0,0,0,0,0,1,0,0,0,0,0,0,0,0,0,0,0,1
jotr,Joshua Tree NP,FEB,283582,0,0,0,0,1,0,0,1,0,0,1,0,0,1,0,0,1,1,1,0,0,0,0,0,0,0,0,0,0,1,0,1,0,0,0,0,0,0,0,0,0,0
jotr,Joshua Tree NP,JAN,251664,0,0,0,0,1,0,0,1,0,0,1,0,0,1,0,0,1,1,1,0,0,0,0,0,0,0,0,0,0,1,1,0,0,0,0,0,0,0,0,0,0,0
jotr,Joshua Tree NP,JUL,123786,0,0,0,0,1,0,0,1,0,0,1,0,0,1,0,0,1,1,1,0,0,0,0,0,0,0,0,0,0,1,0,0,0,0,0,0,1,0,0,0,0,0
jotr,Joshua Tree NP,JUN,171606,0,0,0,0,1,0,0,1,0,0,1,0,0,1,0,0,1,1,1,0,0,0,0,0,0,0,0,0,0,1,0,0,0,0,0,1,0,0,0,0,0,0
jotr,Joshua Tree NP,MAR,401378,0,0,0,0,1,0,0,1,0,0,1,0,0,1,0,0,1,1,1,0,0,0,0,0,0,0,0,0,0,1,0,0,1,0,0,0,0,0,0,0,0,0
jotr,Joshua Tree NP,MAY,259803,0,0,0,0,1,0,0,1,0,0,1,0,0,1,0,0,1,1,1,0,0,0,0,0,0,0,0,0,0,1,0,0,0,0,1,0,0,0,0,0,0,0
jotr,Joshua Tree NP,NOV,301653,0,0,0,0,1,0,0,1,0,0,1,0,0,1,0,0,1,1,1,0,0,0,0,0,0,0,0,0,0,1,0,0,0,0,0,0,0,0,0,0,1,0
jotr,Joshua Tree NP,OCT,212097,0,0,0,0,1,0,0,1,0,0,1,0,0,1,0,0,1,1,1,0,0,0,0,0,0,0,0,0,0,1,0,0,0,0,0,0,0,0,0,1,0,0
jotr,Joshua Tree NP,SEP,157399,0,0,0,0,1,0,0,1,0,0,1,0,0,1,0,0,1,1,1,0,0,0,0,0,0,0,0,0,0,1,0,0,0,0,0,0,0,0,1,0,0,0
katm,Katmai NP & PRES,AUG,11185,0,0,0,0,1,1,0,1,1,1,1,0,0,1,0,1,0,0,1,0,0,0,0,0,1,1,1,1,1,0,0,0,0,0,0,0,0,1,0,0,0,0
katm,Katmai NP & PRES,JUL,14447,0,0,0,0,1,1,0,1,1,1,1,0,0,1,0,1,0,0,1,0,0,0,0,0,1,1,1,1,1,0,0,0,0,0,0,0,1,0,0,0,0,0
katm,Katmai NP & PRES,JUN,4033,0,0,0,0,1,1,0,1,1,1,1,0,0,1,0,1,0,0,1,0,0,0,0,0,1,1,1,1,1,0,0,0,0,0,0,1,0,0,0,0,0,0
katm,Katmai NP & PRES,MAY,116,0,0,0,0,1,1,0,1,1,1,1,0,0,1,0,1,0,0,1,0,0,0,0,0,1,1,1,1,1,0,0,0,0,0,1,0,0,0,0,0,0,0
katm,Katmai NP & PRES,OCT,351,0,0,0,0,1,1,0,1,1,1,1,0,0,1,0,1,0,0,1,0,0,0,0,0,1,1,1,1,1,0,0,0,0,0,0,0,0,0,0,1,0,0
katm,Katmai NP & PRES,SEP,6098,0,0,0,0,1,1,0,1,1,1,1,0,0,1,0,1,0,0,1,0,0,0,0,0,1,1,1,1,1,0,0,0,0,0,0,0,0,0,1,0,0,0
kefj,Kenai Fjords NP,APR,14,0,0,0,0,1,1,1,1,0,1,1,0,1,1,0,1,1,1,1,0,0,0,0,0,0,1,0,1,0,0,0,0,0,1,0,0,0,0,0,0,0,0
kefj,Kenai Fjords NP,AUG,112585,0,0,0,0,1,1,1,1,0,1,1,0,1,1,0,1,1,1,1,0,0,0,0,0,0,1,0,1,0,0,0,0,0,0,0,0,0,1,0,0,0,0
kefj,Kenai Fjords NP,DEC,7,0,0,0,0,1,1,1,1,0,1,1,0,1,1,0,1,1,1,1,0,0,0,0,0,0,1,0,1,0,0,0,0,0,0,0,0,0,0,0,0,0,1
kefj,Kenai Fjords NP,FEB,55,0,0,0,0,1,1,1,1,0,1,1,0,1,1,0,1,1,1,1,0,0,0,0,0,0,1,0,1,0,0,0,1,0,0,0,0,0,0,0,0,0,0
kefj,Kenai Fjords NP,JAN,46,0,0,0,0,1,1,1,1,0,1,1,0,1,1,0,1,1,1,1,0,0,0,0,0,0,1,0,1,0,0,1,0,0,0,0,0,0,0,0,0,0,0
kefj,Kenai Fjords NP,JUL,131917,0,0,0,0,1,1,1,1,0,1,1,0,1,1,0,1,1,1,1,0,0,0,0,0,0,1,0,1,0,0,0,0,0,0,0,0,1,0,0,0,0,0
kefj,Kenai Fjords NP,JUN,101964,0,0,0,0,1,1,1,1,0,1,1,0,1,1,0,1,1,1,1,0,0,0,0,0,0,1,0,1,0,0,0,0,0,0,0,1,0,0,0,0,0,0
kefj,Kenai Fjords NP,MAR,70,0,0,0,0,1,1,1,1,0,1,1,0,1,1,0,1,1,1,1,0,0,0,0,0,0,1,0,1,0,0,0,0,1,0,0,0,0,0,0,0,0,0
kefj,Kenai Fjords NP,MAY,30862,0,0,0,0,1,1,1,1,0,1,1,0,1,1,0,1,1,1,1,0,0,0,0,0,0,1,0,1,0,0,0,0,0,0,1,0,0,0,0,0,0,0
kefj,Kenai Fjords NP,NOV,2,0,0,0,0,1,1,1,1,0,1,1,0,1,1,0,1,1,1,1,0,0,0,0,0,0,1,0,1,0,0,0,0,0,0,0,0,0,0,0,0,1,0
kefj,Kenai Fjords NP,OCT,4490,0,0,0,0,1,1,1,1,0,1,1,0,1,1,0,1,1,1,1,0,0,0,0,0,0,1,0,1,0,0,0,0,0,0,0,0,0,0,0,1,0,0
kefj,Kenai Fjords NP,SEP,37456,0,0,0,0,1,1,1,1,0,1,1,0,1,1,0,1,1,1,1,0,0,0,0,0,0,1,0,1,0,0,0,0,0,0,0,0,0,0,1,0,0,0
kova,Kobuk Valley NP,APR,1006,0,0,0,0,1,0,0,0,0,0,1,0,0,0,0,0,1,0,1,0,0,0,0,0,0,0,0,0,0,0,0,0,0,1,0,0,0,0,0,0,0,0
kova,Kobuk Valley NP,AUG,2034,0,0,0,0,1,0,0,0,0,0,1,0,0,0,0,0,1,0,1,0,0,0,0,0,0,0,0,0,0,0,0,0,0,0,0,0,0,1,0,0,0,0
kova,Kobuk Valley NP,DEC,1699,0,0,0,0,1,0,0,0,0,0,1,0,0,0,0,0,1,0,1,0,0,0,0,0,0,0,0,0,0,0,0,0,0,0,0,0,0,0,0,0,0,1
kova,Kobuk Valley NP,FEB,727,0,0,0,0,1,0,0,0,0,0,1,0,0,0,0,0,1,0,1,0,0,0,0,0,0,0,0,0,0,0,0,1,0,0,0,0,0,0,0,0,0,0
kova,Kobuk Valley NP,JAN,867,0,0,0,0,1,0,0,0,0,0,1,0,0,0,0,0,1,0,1,0,0,0,0,0,0,0,0,0,0,0,1,0,0,0,0,0,0,0,0,0,0,0
kova,Kobuk Valley NP,JUL,1854,0,0,0,0,1,0,0,0,0,0,1,0,0,0,0,0,1,0,1,0,0,0,0,0,0,0,0,0,0,0,0,0,0,0,0,0,1,0,0,0,0,0
kova,Kobuk Valley NP,JUN,1777,0,0,0,0,1,0,0,0,0,0,1,0,0,0,0,0,1,0,1,0,0,0,0,0,0,0,0,0,0,0,0,0,0,0,0,1,0,0,0,0,0,0
kova,Kobuk Valley NP,MAR,834,0,0,0,0,1,0,0,0,0,0,1,0,0,0,0,0,1,0,1,0,0,0,0,0,0,0,0,0,0,0,0,0,1,0,0,0,0,0,0,0,0,0
kova,Kobuk Valley NP,MAY,1020,0,0,0,0,1,0,0,0,0,0,1,0,0,0,0,0,1,0,1,0,0,0,0,0,0,0,0,0,0,0,0,0,0,0,1,0,0,0,0,0,0,0
kova,Kobuk Valley NP,NOV,1626,0,0,0,0,1,0,0,0,0,0,1,0,0,0,0,0,1,0,1,0,0,0,0,0,0,0,0,0,0,0,0,0,0,0,0,0,0,0,0,0,1,0
kova,Kobuk Valley NP,OCT,2010,0,0,0,0,1,0,0,0,0,0,1,0,0,0,0,0,1,0,1,0,0,0,0,0,0,0,0,0,0,0,0,0,0,0,0,0,0,0,0,1,0,0
kova,Kobuk Valley NP,SEP,1779,0,0,0,0,1,0,0,0,0,0,1,0,0,0,0,0,1,0,1,0,0,0,0,0,0,0,0,0,0,0,0,0,0,0,0,0,0,0,1,0,0,0
lacl,Lake Clark NP & PRES,AUG,4535,1,0,0,0,1,1,1,1,1,1,1,1,0,1,1,1,0,0,1,0,0,0,1,0,1,1,1,1,0,0,0,0,0,0,0,0,0,1,0,0,0,0
lacl,Lake Clark NP & PRES,JUL,6539,1,0,0,0,1,1,1,1,1,1,1,1,0,1,1,1,0,0,1,0,0,0,1,0,1,1,1,1,0,0,0,0,0,0,0,0,1,0,0,0,0,0
lacl,Lake Clark NP & PRES,JUN,5125,1,0,0,0,1,1,1,1,1,1,1,1,0,1,1,1,0,0,1,0,0,0,1,0,1,1,1,1,0,0,0,0,0,0,0,1,0,0,0,0,0,0
lacl,Lake Clark NP & PRES,MAY,328,1,0,0,0,1,1,1,1,1,1,1,1,0,1,1,1,0,0,1,0,0,0,1,0,1,1,1,1,0,0,0,0,0,0,1,0,0,0,0,0,0,0
lacl,Lake Clark NP & PRES,OCT,36,1,0,0,0,1,1,1,1,1,1,1,1,0,1,1,1,0,0,1,0,0,0,1,0,1,1,1,1,0,0,0,0,0,0,0,0,0,0,0,1,0,0
lacl,Lake Clark NP & PRES,SEP,1942,1,0,0,0,1,1,1,1,1,1,1,1,0,1,1,1,0,0,1,0,0,0,1,0,1,1,1,1,0,0,0,0,0,0,0,0,0,0,1,0,0,0
lavo,Lassen Volcanic NP,APR,6978,0,0,0,0,1,1,1,1,1,1,1,1,1,1,0,1,1,0,1,0,0,1,0,0,1,0,1,1,0,1,0,0,0,1,0,0,0,0,0,0,0,0
lavo,Lassen Volcanic NP,AUG,16641,0,0,0,0,1,1,1,1,1,1,1,1,1,1,0,1,1,0,1,0,0,1,0,0,1,0,1,1,0,1,0,0,0,0,0,0,0,1,0,0,0,0
lavo,Lassen Volcanic NP,DEC,3894,0,0,0,0,1,1,1,1,1,1,1,1,1,1,0,1,1,0,1,0,0,1,0,0,1,0,1,1,0,1,0,0,0,0,0,0,0,0,0,0,0,1
lavo,Lassen Volcanic NP,FEB,6786,0,0,0,0,1,1,1,1,1,1,1,1,1,1,0,1,1,0,1,0,0,1,0,0,1,0,1,1,0,1,0,1,0,0,0,0,0,0,0,0,0,0
lavo,Lassen Volcanic NP,JAN,7116,0,0,0,0,1,1,1,1,1,1,1,1,1,1,0,1,1,0,1,0,0,1,0,0,1,0,1,1,0,1,1,0,0,0,0,0,0,0,0,0,0,0
lavo,Lassen Volcanic NP,JUL,92058,0,0,0,0,1,1,1,1,1,1,1,1,1,1,0,1,1,0,1,0,0,1,0,0,1,0,1,1,0,1,0,0,0,0,0,0,1,0,0,0,0,0
lavo,Lassen Volcanic NP,JUN,72903,0,0,0,0,1,1,1,1,1,1,1,1,1,1,0,1,1,0,1,0,0,1,0,0,1,0,1,1,0,1,0,0,0,0,0,1,0,0,0,0,0,0
lavo,Lassen Volcanic NP,MAR,6072,0,0,0,0,1,1,1,1,1,1,1,1,1,1,0,1,1,0,1,0,0,1,0,0,1,0,1,1,0,1,0,0,1,0,0,0,0,0,0,0,0,0
lavo,Lassen Volcanic NP,MAY,34227,0,0,0,0,1,1,1,1,1,1,1,1,1,1,0,1,1,0,1,0,0,1,0,0,1,0,1,1,0,1,0,0,0,0,1,0,0,0,0,0,0,0
lavo,Lassen Volcanic NP,NOV,11793,0,0,0,0,1,1,1,1,1,1,1,1,1,1,0,1,1,0,1,0,0,1,0,0,1,0,1,1,0,1,0,0,0,0,0,0,0,0,0,0,1,0
lavo,Lassen Volcanic NP,OCT,42657,0,0,0,0,1,1,1,1,1,1,1,1,1,1,0,1,1,0,1,0,0,1,0,0,1,0,1,1,0,1,0,0,0,0,0,0,0,0,0,1,0,0
lavo,Lassen Volcanic NP,SEP,56526,0,0,0,0,1,1,1,1,1,1,1,1,1,1,0,1,1,0,1,0,0,1,0,0,1,0,1,1,0,1,0,0,0,0,0,0,0,0,1,0,0,0
maca,Mammoth Cave NP,APR,67497,0,0,0,0,1,1,1,1,0,0,1,1,1,1,1,1,1,1,0,0,0,0,1,0,0,0,0,0,1,1,0,0,0,1,0,0,0,0,0,0,0,0
maca,Mammoth Cave NP,AUG,86945,0,0,0,0,1,1,1,1,0,0,1,1,1,1,1,1,1,1,0,0,0,0,1,0,0,0,0,0,1,1,0,0,0,0,0,0,0,1,0,0,0,0
maca,Mammoth Cave NP,DEC,30609,0,0,0,0,1,1,1,1,0,0,1,1,1,1,1,1,1,1,0,0,0,0,1,0,0,0,0,0,1,1,0,0,0,0,0,0,0,0,0,0,0,1
maca,Mammoth Cave NP,FEB,27516,0,0,0,0,1,1,1,1,0,0,1,1,1,1,1,1,1,1,0,0,0,0,1,0,0,0,0,0,1,1,0,1,0,0,0,0,0,0,0,0,0,0
maca,Mammoth Cave NP,JAN,18190,0,0,0,0,1,1,1,1,0,0,1,1,1,1,1,1,1,1,0,0,0,0,1,0,0,0,0,0,1,1,1,0,0,0,0,0,0,0,0,0,0,0
maca,Mammoth Cave NP,JUL,102556,0,0,0,0,1,1,1,1,0,0,1,1,1,1,1,1,1,1,0,0,0,0,1,0,0,0,0,0,1,1,0,0,0,0,0,0,1,0,0,0,0,0
maca,Mammoth Cave NP,JUN,94055,0,0,0,0,1,1,1,1,0,0,1,1,1,1,1,1,1,1,0,0,0,0,1,0,0,0,0,0,1,1,0,0,0,0,0,1,0,0,0,0,0,0
maca,Mammoth Cave NP,MAR,85608,0,0,0,0,1,1,1,1,0,0,1,1,1,1,1,1,1,1,0,0,0,0,1,0,0,0,0,0,1,1,0,0,1,0,0,0,0,0,0,0,0,0
maca,Mammoth Cave NP,MAY,67741,0,0,0,0,1,1,1,1,0,0,1,1,1,1,1,1,1,1,0,0,0,0,1,0,0,0,0,0,1,1,0,0,0,0,1,0,0,0,0,0,0,0
maca,Mammoth Cave NP,NOV,40758,0,0,0,0,1,1,1,1,0,0,1,1,1,1,1,1,1,1,0,0,0,0,1,0,0,0,0,0,1,1,0,0,0,0,0,0,0,0,0,0,1,0
maca,Mammoth Cave NP,OCT,75732,0,0,0,0,1,1,1,1,0,0,1,1,1,1,1,1,1,1,0,0,0,0,1,0,0,0,0,0,1,1,0,0,0,0,0,0,0,0,0,1,0,0
maca,Mammoth Cave NP,SEP,49835,0,0,0,0,1,1,1,1,0,0,1,1,1,1,1,1,1,1,0,0,0,0,1,0,0,0,0,0,1,1,0,0,0,0,0,0,0,0,1,0,0,0
meve,Mesa Verde NP,APR,29411,0,0,0,1,1,0,1,1,0,0,1,0,0,1,0,0,0,0,0,0,0,0,0,0,0,0,0,0,0,0,0,0,0,1,0,0,0,0,0,0,0,0
meve,Mesa Verde NP,AUG,65889,0,0,0,1,1,0,1,1,0,0,1,0,0,1,0,0,0,0,0,0,0,0,0,0,0,0,0,0,0,0,0,0,0,0,0,0,0,1,0,0,0,0
meve,Mesa Verde NP,DEC,8762,0,0,0,1,1,0,1,1,0,0,1,0,0,1,0,0,0,0,0,0,0,0,0,0,0,0,0,0,0,0,0,0,0,0,0,0,0,0,0,0,0,1
meve,Mesa Verde NP,FEB,6794,0,0,0,1,1,0,1,1,0,0,1,0,0,1,0,0,0,0,0,0,0,0,0,0,0,0,0,0,0,0,0,1,0,0,0,0,0,0,0,0,0,0
meve,Mesa Verde NP,JAN,5392,0,0,0,1,1,0,1,1,0,0,1,0,0,1,0,0,0,0,0,0,0,0,0,0,0,0,0,0,0,0,1,0,0,0,0,0,0,0,0,0,0,0
meve,Mesa Verde NP,JUL,80791,0,0,0,1,1,0,1,1,0,0,1,0,0,1,0,0,0,0,0,0,0,0,0,0,0,0,0,0,0,0,0,0,0,0,0,0,1,0,0,0,0,0
meve,Mesa Verde NP,JUN,88815,0,0,0,1,1,0,1,1,0,0,1,0,0,1,0,0,0,0,0,0,0,0,0,0,0,0,0,0,0,0,0,0,0,0,0,1,0,0,0,0,0,0
meve,Mesa Verde NP,MAR,15758,0,0,0,1,1,0,1,1,0,0,1,0,0,1,0,0,0,0,0,0,0,0,0,0,0,0,0,0,0,0,0,0,1,0,0,0,0,0,0,0,0,0
meve,Mesa Verde NP,MAY,57068,0,0,0,1,1,0,1,1,0,0,1,0,0,1,0,0,0,0,0,0,0,0,0,0,0,0,0,0,0,0,0,0,0,0,1,0,0,0,0,0,0,0
meve,Mesa Verde NP,NOV,11054,0,0,0,1,1,0,1,1,0,0,1,0,0,1,0,0,0,0,0,0,0,0,0,0,0,0,0,0,0,0,0,0,0,0,0,0,0,0,0,0,1,0
meve,Mesa Verde NP,OCT,48655,0,0,0,1,1,0,1,1,0,0,1,0,0,1,0,0,0,0,0,0,0,0,0,0,0,0,0,0,0,0,0,0,0,0,0,0,0,0,0,1,0,0
meve,Mesa Verde NP,SEP,61676,0,0,0,1,1,0,1,1,0,0,1,0,0,1,0,0,0,0,0,0,0,0,0,0,0,0,0,0,0,0,0,0,0,0,0,0,0,0,1,0,0,0
mora,Mount Rainier NP,APR,26732,0,0,0,1,1,1,1,1,1,1,1,0,0,1,0,1,1,1,1,0,0,0,1,0,0,1,1,1,1,0,0,0,0,1,0,0,0,0,0,0,0,0
mora,Mount Rainier NP,AUG,381007,0,0,0,1,1,1,1,1,1,1,1,0,0,1,0,1,1,1,1,0,0,0,1,0,0,1,1,1,1,0,0,0,0,0,0,0,0,1,0,0,0,0
mora,Mount Rainier NP,DEC,20377,0,0,0,1,1,1,1,1,1,1,1,0,0,1,0,1,1,1,1,0,0,0,1,0,0,1,1,1,1,0,0,0,0,0,0,0,0,0,0,0,0,1
mora,Mount Rainier NP,FEB,22032,0,0,0,1,1,1,1,1,1,1,1,0,0,1,0,1,1,1,1,0,0,0,1,0,0,1,1,1,1,0,0,1,0,0,0,0,0,0,0,0,0,0
mora,Mount Rainier NP,JAN,17070,0,0,0,1,1,1,1,1,1,1,1,0,0,1,0,1,1,1,1,0,0,0,1,0,0,1,1,1,1,0,1,0,0,0,0,0,0,0,0,0,0,0
mora,Mount Rainier NP,JUL,389244,0,0,0,1,1,1,1,1,1,1,1,0,0,1,0,1,1,1,1,0,0,0,1,0,0,1,1,1,1,0,0,0,0,0,0,0,1,0,0,0,0,0
mora,Mount Rainier NP,JUN,235000,0,0,0,1,1,1,1,1,1,1,1,0,0,1,0,1,1,1,1,0,0,0,1,0,0,1,1,1,1,0,0,0,0,0,0,1,0,0,0,0,0,0
mora,Mount Rainier NP,MAR,29590,0,0,0,1,1,1,1,1,1,1,1,0,0,1,0,1,1,1,1,0,0,0,1,0,0,1,1,1,1,0,0,0,1,0,0,0,0,0,0,0,0,0
mora,Mount Rainier NP,MAY,84040,0,0,0,1,1,1,1,1,1,1,1,0,0,1,0,1,1,1,1,0,0,0,1,0,0,1,1,1,1,0,0,0,0,0,1,0,0,0,0,0,0,0
mora,Mount Rainier NP,NOV,23664,0,0,0,1,1,1,1,1,1,1,1,0,0,1,0,1,1,1,1,0,0,0,1,0,0,1,1,1,1,0,0,0,0,0,0,0,0,0,0,0,1,0
mora,Mount Rainier NP,OCT,160718,0,0,0,1,1,1,1,1,1,1,1,0,0,1,0,1,1,1,1,0,0,0,1,0,0,1,1,1,1,0,0,0,0,0,0,0,0,0,0,1,0,0
mora,Mount Rainier NP,SEP,230532,0,0,0,1,1,1,1,1,1,1,1,0,0,1,0,1,1,1,1,0,0,0,1,0,0,1,1,1,1,0,0,0,0,0,0,0,0,0,1,0,0,0
neri,New River Gorge NP & PRES,APR,133634,0,0,0,1,1,1,1,1,0,1,0,0,1,1,0,1,1,1,0,0,0,0,1,0,0,0,0,0,0,0,0,0,0,1,0,0,0,0,0,0,0,0
neri,New River Gorge NP & PRES,AUG,244284,0,0,0,1,1,1,1,1,0,1,0,0,1,1,0,1,1,1,0,0,0,0,1,0,0,0,0,0,0,0,0,0,0,0,0,0,0,1,0,0,0,0
neri,New River Gorge NP & PRES,DEC,47165,0,0,0,1,1,1,1,1,0,1,0,0,1,1,0,1,1,1,0,0,0,0,1,0,0,0,0,0,0,0,0,0,0,0,0,0,0,0,0,0,0,1
neri,New River Gorge NP & PRES,FEB,39060,0,0,0,1,1,1,1,1,0,1,0,0,1,1,0,1,1,1,0,0,0,0,1,0,0,0,0,0,0,0,0,1,0,0,0,0,0,0,0,0,0,0
neri,New River Gorge NP & PRES,JAN,40032,0,0,0,1,1,1,1,1,0,1,0,0,1,1,0,1,1,1,0,0,0,0,1,0,0,0,0,0,0,0,1,0,0,0,0,0,0,0,0,0,0,0
neri,New River Gorge NP & PRES,JUL,293196,0,0,0,1,1,1,1,1,0,1,0,0,1,1,0,1,1,1,0,0,0,0,1,0,0,0,0,0,0,0,0,0,0,0,0,0,1,0,0,0,0,0
neri,New River Gorge NP & PRES,JUN,233531,0,0,0,1,1,1,1,1,0,1,0,0,1,1,0,1,1,1,0,0,0,0,1,0,0,0,0,0,0,0,0,0,0,0,0,1,0,0,0,0,0,0
neri,New River Gorge NP & PRES,MAR,94736,0,0,0,1,1,1,1,1,0,1,0,0,1,1,0,1,1,1,0,0,0,0,1,0,0,0,0,0,0,0,0,0,1,0,0,0,0,0,0,0,0,0
neri,New River Gorge NP & PRES,MAY,205324,0,0,0,1,1,1,1,1,0,1,0,0,1,1,0,1,1,1,0,0,0,0,1,0,0,0,0,0,0,0,0,0,0,0,1,0,0,0,0,0,0,0
neri,New River Gorge NP & PRES,NOV,87781,0,0,0,1,1,1,1,1,0,1,0,0,1,1,0,1,1,1,0,0,0,0,1,0,0,0,0,0,0,0,0,0,0,0,0,0,0,0,0,0,1,0
neri,New River Gorge NP & PRES,OCT,215169,0,0,0,1,1,1,1,1,0,1,0,0,1,1,0,1,1,1,0,0,0,0,1,0,0,0,0,0,0,0,0,0,0,0,0,0,0,0,0,1,0,0
neri,New River Gorge NP & PRES,SEP,178025,0,0,0,1,1,1,1,1,0,1,0,0,1,1,0,1,1,1,0,0,0,0,1,0,0,0,0,0,0,0,0,0,0,0,0,0,0,0,1,0,0,0
noca,North Cascades NP,APR,1129,0,0,0,0,1,1,1,0,1,1,0,0,0,0,0,0,0,0,1,0,0,0,0,0,0,1,0,0,0,0,0,0,0,1,0,0,0,0,0,0,0,0
noca,North Cascades NP,AUG,1561,0,0,0,0,1,1,1,0,1,1,0,0,0,0,0,0,0,0,1,0,0,0,0,0,0,1,0,0,0,0,0,0,0,0,0,0,0,1,0,0,0,0
noca,North Cascades NP,DEC,2,0,0,0,0,1,1,1,0,1,1,0,0,0,0,0,0,0,0,1,0,0,0,0,0,0,1,0,0,0,0,0,0,0,0,0,0,0,0,0,0,0,1
noca,North Cascades NP,FEB,64,0,0,0,0,1,1,1,0,1,1,0,0,0,0,0,0,0,0,1,0,0,0,0,0,0,1,0,0,0,0,0,1,0,0,0,0,0,0,0,0,0,0
noca,North Cascades NP,JAN,44,0,0,0,0,1,1,1,0,1,1,0,0,0,0,0,0,0,0,1,0,0,0,0,0,0,1,0,0,0,0,1,0,0,0,0,0,0,0,0,0,0,0
noca,North Cascades NP,JUL,5942,0,0,0,0,1,1,1,0,1,1,0,0,0,0,0,0,0,0,1,0,0,0,0,0,0,1,0,0,0,0,0,0,0,0,0,0,1,0,0,0,0,0
noca,North Cascades NP,JUN,3006,0,0,0,0,1,1,1,0,1,1,0,0,0,0,0,0,0,0,1,0,0,0,0,0,0,1,0,0,0,0,0,0,0,0,0,1,0,0,0,0,0,0
noca,North Cascades NP,MAR,195,0,0,0,0,1,1,1,0,1,1,0,0,0,0,0,0,0,0,1,0,0,0,0,0,0,1,0,0,0,0,0,0,1,0,0,0,0,0,0,0,0,0
noca,North Cascades NP,MAY,1075,0,0,0,0,1,1,1,0,1,1,0,0,0,0,0,0,0,0,1,0,0,0,0,0,0,1,0,0,0,0,0,0,0,0,1,0,0,0,0,0,0,0
noca,North Cascades NP,NOV,19,0,0,0,0,1,1,1,0,1,1,0,0,0,0,0,0,0,0,1,0,0,0,0,0,0,1,0,0,0,0,0,0,0,0,0,0,0,0,0,0,1,0
noca,North Cascades NP,OCT,1111,0,0,0,0,1,1,1,0,1,1,0,0,0,0,0,0,0,0,1,0,0,0,0,0,0,1,0,0,0,0,0,0,0,0,0,0,0,0,0,1,0,0
noca,North Cascades NP,SEP,2337,0,0,0,0,1,1,1,0,1,1,0,0,0,0,0,0,0,0,1,0,0,0,0,0,0,1,0,0,0,0,0,0,0,0,0,0,0,0,1,0,0,0
olym,Olympic NP,APR,216512,0,1,1,0,1,1,1,1,1,1,1,1,0,1,0,1,1,1,1,0,0,1,1,1,1,1,0,1,0,0,0,0,0,1,0,0,0,0,0,0,0,0
olym,Olympic NP,AUG,615644,0,1,1,0,1,1,1,1,1,1,1,1,0,1,0,1,1,1,1,0,0,1,1,1,1,1,0,1,0,0,0,0,0,0,0,0,0,1,0,0,0,0
olym,Olympic NP,DEC,119737,0,1,1,0,1,1,1,1,1,1,1,1,0,1,0,1,1,1,1,0,0,1,1,1,1,1,0,1,0,0,0,0,0,0,0,0,0,0,0,0,0,1
olym,Olympic NP,FEB,117866,0,1,1,0,1,1,1,1,1,1,1,1,0,1,0,1,1,1,1,0,0,1,1,1,1,1,0,1,0,0,0,1,0,0,0,0,0,0,0,0,0,0
olym,Olympic NP,JAN,100710,0,1,1,0,1,1,1,1,1,1,1,1,0,1,0,1,1,1,1,0,0,1,1,1,1,1,0,1,0,0,1,0,0,0,0,0,0,0,0,0,0,0
olym,Olympic NP,JUL,569479,0,1,1,0,1,1,1,1,1,1,1,1,0,1,0,1,1,1,1,0,0,1,1,1,1,1,0,1,0,0,0,0,0,0,0,0,1,0,0,0,0,0
olym,Olympic NP,JUN,377950,0,1,1,0,1,1,1,1,1,1,1,1,0,1,0,1,1,1,1,0,0,1,1,1,1,1,0,1,0,0,0,0,0,0,0,1,0,0,0,0,0,0
olym,Olympic NP,MAR,166801,0,1,1,0,1,1,1,1,1,1,1,1,0,1,0,1,1,1,1,0,0,1,1,1,1,1,0,1,0,0,0,0,1,0,0,0,0,0,0,0,0,0
olym,Olympic NP,MAY,320846,0,1,1,0,1,1,1,1,1,1,1,1,0,1,0,1,1,1,1,0,0,1,1,1,1,1,0,1,0,0,0,0,0,0,1,0,0,0,0,0,0,0
olym,Olympic NP,NOV,235137,0,1,1,0,1,1,1,1,1,1,1,1,0,1,0,1,1,1,1,0,0,1,1,1,1,1,0,1,0,0,0,0,0,0,0,0,0,0,0,0,1,0
olym,Olympic NP,OCT,339243,0,1,1,0,1,1,1,1,1,1,1,1,0,1,0,1,1,1,1,0,0,1,1,1,1,1,0,1,0,0,0,0,0,0,0,0,0,0,0,1,0,0
olym,Olympic NP,SEP,537342,0,1,1,0,1,1,1,1,1,1,1,1,0,1,0,1,1,1,1,0,0,1,1,1,1,1,0,1,0,0,0,0,0,0,0,0,0,0,1,0,0,0
pefo,Petrified Forest NP,APR,51745,1,0,0,0,1,0,0,1,0,0,1,0,1,1,1,1,0,0,1,1,0,0,1,0,1,0,0,0,1,0,0,0,0,1,0,0,0,0,0,0,0,0
pefo,Petrified Forest NP,AUG,43397,1,0,0,0,1,0,0,1,0,0,1,0,1,1,1,1,0,0,1,1,0,0,1,0,1,0,0,0,1,0,0,0,0,0,0,0,0,1,0,0,0,0
pefo,Petrified Forest NP,DEC,30639,1,0,0,0,1,0,0,1,0,0,1,0,1,1,1,1,0,0,1,1,0,0,1,0,1,0,0,0,1,0,0,0,0,0,0,0,0,0,0,0,0,1
pefo,Petrified Forest NP,FEB,23096,1,0,0,0,1,0,0,1,0,0,1,0,1,1,1,1,0,0,1,1,0,0,1,0,1,0,0,0,1,0,0,1,0,0,0,0,0,0,0,0,0,0
pefo,Petrified Forest NP,JAN,21564,1,0,0,0,1,0,0,1,0,0,1,0,1,1,1,1,0,0,1,1,0,0,1,0,1,0,0,0,1,0,1,0,0,0,0,0,0,0,0,0,0,0
pefo,Petrified Forest NP,JUL,49151,1,0,0,0,1,0,0,1,0,0,1,0,1,1,1,1,0,0,1,1,0,0,1,0,1,0,0,0,1,0,0,0,0,0,0,0,1,0,0,0,0,0
pefo,Petrified Forest NP,JUN,76109,1,0,0,0,1,0,0,1,0,0,1,0,1,1,1,1,0,0,1,1,0,0,1,0,1,0,0,0,1,0,0,0,0,0,0,1,0,0,0,0,0,0
pefo,Petrified Forest NP,MAR,57474,1,0,0,0,1,0,0,1,0,0,1,0,1,1,1,1,0,0,1,1,0,0,1,0,1,0,0,0,1,0,0,0,1,0,0,0,0,0,0,0,0,0
pefo,Petrified Forest NP,MAY,59694,1,0,0,0,1,0,0,1,0,0,1,0,1,1,1,1,0,0,1,1,0,0,1,0,1,0,0,0,1,0,0,0,0,0,1,0,0,0,0,0,0,0
pefo,Petrified Forest NP,NOV,33302,1,0,0,0,1,0,0,1,0,0,1,0,1,1,1,1,0,0,1,1,0,0,1,0,1,0,0,0,1,0,0,0,0,0,0,0,0,0,0,0,1,0
pefo,Petrified Forest NP,OCT,58499,1,0,0,0,1,0,0,1,0,0,1,0,1,1,1,1,0,0,1,1,0,0,1,0,1,0,0,0,1,0,0,0,0,0,0,0,0,0,0,1,0,0
pefo,Petrified Forest NP,SEP,54584,1,0,0,0,1,0,0,1,0,0,1,0,1,1,1,1,0,0,1,1,0,0,1,0,1,0,0,0,1,0,0,0,0,0,0,0,0,0,1,0,0,0
pinn,Pinnacles NP,APR,35849,0,1,0,1,1,1,1,1,0,1,1,1,1,1,1,1,1,1,1,0,1,0,1,0,1,0,1,1,1,1,0,0,0,1,0,0,0,0,0,0,0,0
pinn,Pinnacles NP,AUG,24940,0,1,0,1,1,1,1,1,0,1,1,1,1,1,1,1,1,1,1,0,1,0,1,0,1,0,1,1,1,1,0,0,0,0,0,0,0,1,0,0,0,0
pinn,Pinnacles NP,DEC,30295,0,1,0,1,1,1,1,1,0,1,1,1,1,1,1,1,1,1,1,0,1,0,1,0,1,0,1,1,1,1,0,0,0,0,0,0,0,0,0,0,0,1
pinn,Pinnacles NP,FEB,20006,0,1,0,1,1,1,1,1,0,1,1,1,1,1,1,1,1,1,1,0,1,0,1,0,1,0,1,1,1,1,0,1,0,0,0,0,0,0,0,0,0,0
pinn,Pinnacles NP,JAN,21517,0,1,0,1,1,1,1,1,0,1,1,1,1,1,1,1,1,1,1,0,1,0,1,0,1,0,1,1,1,1,1,0,0,0,0,0,0,0,0,0,0,0
pinn,Pinnacles NP,JUL,24309,0,1,0,1,1,1,1,1,0,1,1,1,1,1,1,1,1,1,1,0,1,0,1,0,1,0,1,1,1,1,0,0,0,0,0,0,1,0,0,0,0,0
pinn,Pinnacles NP,JUN,32430,0,1,0,1,1,1,1,1,0,1,1,1,1,1,1,1,1,1,1,0,1,0,1,0,1,0,1,1,1,1,0,0,0,0,0,1,0,0,0,0,0,0
pinn,Pinnacles NP,MAR,44547,0,1,0,1,1,1,1,1,0,1,1,1,1,1,1,1,1,1,1,0,1,0,1,0,1,0,1,1,1,1,0,0,1,0,0,0,0,0,0,0,0,0
pinn,Pinnacles NP,MAY,36859,0,1,0,1,1,1,1,1,0,1,1,1,1,1,1,1,1,1,1,0,1,0,1,0,1,0,1,1,1,1,0,0,0,0,1,0,0,0,0,0,0,0
pinn,Pinnacles NP,NOV,33745,0,1,0,1,1,1,1,1,0,1,1,1,1,1,1,1,1,1,1,0,1,0,1,0,1,0,1,1,1,1,0,0,0,0,0,0,0,0,0,0,1,0
pinn,Pinnacles NP,OCT,25615,0,1,0,1,1,1,1,1,0,1,1,1,1,1,1,1,1,1,1,0,1,0,1,0,1,0,1,1,1,1,0,0,0,0,0,0,0,0,0,1,0,0
pinn,Pinnacles NP,SEP,23964,0,1,0,1,1,1,1,1,0,1,1,1,1,1,1,1,1,1,1,0,1,0,1,0,1,0,1,1,1,1,0,0,0,0,0,0,0,0,1,0,0,0
romo,Rocky Mountain NP,APR,158901,0,0,0,0,1,1,1,1,1,0,1,1,0,1,0,1,0,0,1,0,0,0,0,0,0,1,0,1,0,0,0,0,0,1,0,0,0,0,0,0,0,0
romo,Rocky Mountain NP,AUG,624133,0,0,0,0,1,1,1,1,1,0,1,1,0,1,0,1,0,0,1,0,0,0,0,0,0,1,0,1,0,0,0,0,0,0,0,0,0,1,0,0,0,0
romo,Rocky Mountain NP,DEC,130031,0,0,0,0,1,1,1,1,1,0,1,1,0,1,0,1,0,0,1,0,0,0,0,0,0,1,0,1,0,0,0,0,0,0,0,0,0,0,0,0,0,1
romo,Rocky Mountain NP,FEB,105737,0,0,0,0,1,1,1,1,1,0,1,1,0,1,0,1,0,0,1,0,0,0,0,0,0,1,0,1,0,0,0,1,0,0,0,0,0,0,0,0,0,0
romo,Rocky Mountain NP,JAN,110891,0,0,0,0,1,1,1,1,1,0,1,1,0,1,0,1,0,0,1,0,0,0,0,0,0,1,0,1,0,0,1,0,0,0,0,0,0,0,0,0,0,0
romo,Rocky Mountain NP,JUL,758522,0,0,0,0,1,1,1,1,1,0,1,1,0,1,0,1,0,0,1,0,0,0,0,0,0,1,0,1,0,0,0,0,0,0,0,0,1,0,0,0,0,0
romo,Rocky Mountain NP,JUN,641278,0,0,0,0,1,1,1,1,1,0,1,1,0,1,0,1,0,0,1,0,0,0,0,0,0,1,0,1,0,0,0,0,0,0,0,1,0,0,0,0,0,0
romo,Rocky Mountain NP,MAR,145605,0,0,0,0,1,1,1,1,1,0,1,1,0,1,0,1,0,0,1,0,0,0,0,0,0,1,0,1,0,0,0,0,1,0,0,0,0,0,0,0,0,0
romo,Rocky Mountain NP,MAY,324802,0,0,0,0,1,1,1,1,1,0,1,1,0,1,0,1,0,0,1,0,0,0,0,0,0,1,0,1,0,0,0,0,0,0,1,0,0,0,0,0,0,0
romo,Rocky Mountain NP,NOV,140097,0,0,0,0,1,1,1,1,1,0,1,1,0,1,0,1,0,0,1,0,0,0,0,0,0,1,0,1,0,0,0,0,0,0,0,0,0,0,0,0,1,0
romo,Rocky Mountain NP,OCT,398638,0,0,0,0,1,1,1,1,1,0,1,1,0,1,0,1,0,0,1,0,0,0,0,0,0,1,0,1,0,0,0,0,0,0,0,0,0,0,0,1,0,0
romo,Rocky Mountain NP,SEP,615714,0,0,0,0,1,1,1,1,1,0,1,1,0,1,0,1,0,0,1,0,0,0,0,0,0,1,0,1,0,0,0,0,0,0,0,0,0,0,1,0,0,0
sagu,Saguaro NP,APR,105405,0,0,0,1,1,0,0,1,0,0,1,0,0,0,1,0,0,0,0,0,0,0,1,0,0,0,0,0,0,0,0,0,0,1,0,0,0,0,0,0,0,0
sagu,Saguaro NP,AUG,34966,0,0,0,1,1,0,0,1,0,0,1,0,0,0,1,0,0,0,0,0,0,0,1,0,0,0,0,0,0,0,0,0,0,0,0,0,0,1,0,0,0,0
sagu,Saguaro NP,DEC,95151,0,0,0,1,1,0,0,1,0,0,1,0,0,0,1,0,0,0,0,0,0,0,1,0,0,0,0,0,0,0,0,0,0,0,0,0,0,0,0,0,0,1
sagu,Saguaro NP,FEB,119576,0,0,0,1,1,0,0,1,0,0,1,0,0,0,1,0,0,0,0,0,0,0,1,0,0,0,0,0,0,0,0,1,0,0,0,0,0,0,0,0,0,0
sagu,Saguaro NP,JAN,97058,0,0,0,1,1,0,0,1,0,0,1,0,0,0,1,0,0,0,0,0,0,0,1,0,0,0,0,0,0,0,1,0,0,0,0,0,0,0,0,0,0,0
sagu,Saguaro NP,JUL,35125,0,0,0,1,1,0,0,1,0,0,1,0,0,0,1,0,0,0,0,0,0,0,1,0,0,0,0,0,0,0,0,0,0,0,0,0,1,0,0,0,0,0
sagu,Saguaro NP,JUN,45268,0,0,0,1,1,0,0,1,0,0,1,0,0,0,1,0,0,0,0,0,0,0,1,0,0,0,0,0,0,0,0,0,0,0,0,1,0,0,0,0,0,0
sagu,Saguaro NP,MAR,155651,0,0,0,1,1,0,0,1,0,0,1,0,0,0,1,0,0,0,0,0,0,0,1,0,0,0,0,0,0,0,0,0,1,0,0,0,0,0,0,0,0,0
sagu,Saguaro NP,MAY,76727,0,0,0,1,1,0,0,1,0,0,1,0,0,0,1,0,0,0,0,0,0,0,1,0,0,0,0,0,0,0,0,0,0,0,1,0,0,0,0,0,0,0
sagu,Saguaro NP,NOV,83561,0,0,0,1,1,0,0,1,0,0,1,0,0,0,1,0,0,0,0,0,0,0,1,0,0,0,0,0,0,0,0,0,0,0,0,0,0,0,0,0,1,0
sagu,Saguaro NP,OCT,54395,0,0,0,1,1,0,0,1,0,0,1,0,0,0,1,0,0,0,0,0,0,0,1,0,0,0,0,0,0,0,0,0,0,0,0,0,0,0,0,1,0,0
sagu,Saguaro NP,SEP,43486,0,0,0,1,1,0,0,1,0,0,1,0,0,0,1,0,0,0,0,0,0,0,1,0,0,0,0,0,0,0,0,0,0,0,0,0,0,0,1,0,0,0
seki,Sequoia NP,APR,88326,1,0,0,0,1,0,1,1,1,1,1,1,1,1,0,1,1,1,1,0,1,0,1,0,0,0,0,0,0,0,0,0,0,1,0,0,0,0,0,0,0,0
seki,Sequoia NP,AUG,199189,1,0,0,0,1,0,1,1,1,1,1,1,1,1,0,1,1,1,1,0,1,0,1,0,0,0,0,0,0,0,0,0,0,0,0,0,0,1,0,0,0,0
seki,Sequoia NP,DEC,56005,1,0,0,0,1,0,1,1,1,1,1,1,1,1,0,1,1,1,1,0,1,0,1,0,0,0,0,0,0,0,0,0,0,0,0,0,0,0,0,0,0,1
seki,Sequoia NP,FEB,38250,1,0,0,0,1,0,1,1,1,1,1,1,1,1,0,1,1,1,1,0,1,0,1,0,0,0,0,0,0,0,0,1,0,0,0,0,0,0,0,0,0,0
seki,Sequoia NP,JAN,48087,1,0,0,0,1,0,1,1,1,1,1,1,1,1,0,1,1,1,1,0,1,0,1,0,0,0,0,0,0,0,1,0,0,0,0,0,0,0,0,0,0,0
seki,Sequoia NP,JUL,212834,1,0,0,0,1,0,1,1,1,1,1,1,1,1,0,1,1,1,1,0,1,0,1,0,0,0,0,0,0,0,0,0,0,0,0,0,1,0,0,0,0,0
seki,Sequoia NP,JUN,123835,1,0,0,0,1,0,1,1,1,1,1,1,1,1,0,1,1,1,1,0,1,0,1,0,0,0,0,0,0,0,0,0,0,0,0,1,0,0,0,0,0,0
seki,Sequoia NP,MAR,67764,1,0,0,0,1,0,1,1,1,1,1,1,1,1,0,1,1,1,1,0,1,0,1,0,0,0,0,0,0,0,0,0,1,0,0,0,0,0,0,0,0,0
seki,Sequoia NP,MAY,137566,1,0,0,0,1,0,1,1,1,1,1,1,1,1,0,1,1,1,1,0,1,0,1,0,0,0,0,0,0,0,0,0,0,0,1,0,0,0,0,0,0,0
seki,Sequoia NP,NOV,71510,1,0,0,0,1,0,1,1,1,1,1,1,1,1,0,1,1,1,1,0,1,0,1,0,0,0,0,0,0,0,0,0,0,0,0,0,0,0,0,0,1,0
seki,Sequoia NP,OCT,117625,1,0,0,0,1,0,1,1,1,1,1,1,1,1,0,1,1,1,1,0,1,0,1,0,0,0,0,0,0,0,0,0,0,0,0,0,0,0,0,1,0,0
seki,Sequoia NP,SEP,148582,1,0,0,0,1,0,1,1,1,1,1,1,1,1,0,1,1,1,1,0,1,0,1,0,0,0,0,0,0,0,0,0,0,0,0,0,0,0,1,0,0,0
shen,Shenandoah NP,APR,129148,0,0,0,1,1,1,1,1,0,1,1,0,1,1,0,1,1,1,1,0,0,0,0,0,0,0,0,1,0,0,0,0,0,1,0,0,0,0,0,0,0,0
shen,Shenandoah NP,AUG,186159,0,0,0,1,1,1,1,1,0,1,1,0,1,1,0,1,1,1,1,0,0,0,0,0,0,0,0,1,0,0,0,0,0,0,0,0,0,1,0,0,0,0
shen,Shenandoah NP,DEC,36544,0,0,0,1,1,1,1,1,0,1,1,0,1,1,0,1,1,1,1,0,0,0,0,0,0,0,0,1,0,0,0,0,0,0,0,0,0,0,0,0,0,1
shen,Shenandoah NP,FEB,40505,0,0,0,1,1,1,1,1,0,1,1,0,1,1,0,1,1,1,1,0,0,0,0,0,0,0,0,1,0,0,0,1,0,0,0,0,0,0,0,0,0,0
shen,Shenandoah NP,JAN,24853,0,0,0,1,1,1,1,1,0,1,1,0,1,1,0,1,1,1,1,0,0,0,0,0,0,0,0,1,0,0,1,0,0,0,0,0,0,0,0,0,0,0
shen,Shenandoah NP,JUL,170529,0,0,0,1,1,1,1,1,0,1,1,0,1,1,0,1,1,1,1,0,0,0,0,0,0,0,0,1,0,0,0,0,0,0,0,0,1,0,0,0,0,0
shen,Shenandoah NP,JUN,189379,0,0,0,1,1,1,1,1,0,1,1,0,1,1,0,1,1,1,1,0,0,0,0,0,0,0,0,1,0,0,0,0,0,0,0,1,0,0,0,0,0,0
shen,Shenandoah NP,MAR,93287,0,0,0,1,1,1,1,1,0,1,1,0,1,1,0,1,1,1,1,0,0,0,0,0,0,0,0,1,0,0,0,0,1,0,0,0,0,0,0,0,0,0
shen,Shenandoah NP,MAY,162483,0,0,0,1,1,1,1,1,0,1,1,0,1,1,0,1,1,1,1,0,0,0,0,0,0,0,0,1,0,0,0,0,0,0,1,0,0,0,0,0,0,0
shen,Shenandoah NP,NOV,170397,0,0,0,1,1,1,1,1,0,1,1,0,1,1,0,1,1,1,1,0,0,0,0,0,0,0,0,1,0,0,0,0,0,0,0,0,0,0,0,0,1,0
shen,Shenandoah NP,OCT,361136,0,0,0,1,1,1,1,1,0,1,1,0,1,1,0,1,1,1,1,0,0,0,0,0,0,0,0,1,0,0,0,0,0,0,0,0,0,0,0,1,0,0
shen,Shenandoah NP,SEP,155791,0,0,0,1,1,1,1,1,0,1,1,0,1,1,0,1,1,1,1,0,0,0,0,0,0,0,0,1,0,0,0,0,0,0,0,0,0,0,1,0,0,0
thro,Theodore Roosevelt NP,APR,12155,0,1,0,0,1,1,0,1,0,0,1,1,1,0,1,1,0,0,1,0,0,0,1,0,0,0,0,0,0,0,0,0,0,1,0,0,0,0,0,0,0,0
thro,Theodore Roosevelt NP,AUG,153886,0,1,0,0,1,1,0,1,0,0,1,1,1,0,1,1,0,0,1,0,0,0,1,0,0,0,0,0,0,0,0,0,0,0,0,0,0,1,0,0,0,0
thro,Theodore Roosevelt NP,DEC,1526,0,1,0,0,1,1,0,1,0,0,1,1,1,0,1,1,0,0,1,0,0,0,1,0,0,0,0,0,0,0,0,0,0,0,0,0,0,0,0,0,0,1
thro,Theodore Roosevelt NP,FEB,2670,0,1,0,0,1,1,0,1,0,0,1,1,1,0,1,1,0,0,1,0,0,0,1,0,0,0,0,0,0,0,0,1,0,0,0,0,0,0,0,0,0,0
thro,Theodore Roosevelt NP,JAN,956,0,1,0,0,1,1,0,1,0,0,1,1,1,0,1,1,0,0,1,0,0,0,1,0,0,0,0,0,0,0,1,0,0,0,0,0,0,0,0,0,0,0
thro,Theodore Roosevelt NP,JUL,154280,0,1,0,0,1,1,0,1,0,0,1,1,1,0,1,1,0,0,1,0,0,0,1,0,0,0,0,0,0,0,0,0,0,0,0,0,1,0,0,0,0,0
thro,Theodore Roosevelt NP,JUN,140436,0,1,0,0,1,1,0,1,0,0,1,1,1,0,1,1,0,0,1,0,0,0,1,0,0,0,0,0,0,0,0,0,0,0,0,1,0,0,0,0,0,0
thro,Theodore Roosevelt NP,MAR,9604,0,1,0,0,1,1,0,1,0,0,1,1,1,0,1,1,0,0,1,0,0,0,1,0,0,0,0,0,0,0,0,0,1,0,0,0,0,0,0,0,0,0
thro,Theodore Roosevelt NP,MAY,69601,0,1,0,0,1,1,0,1,0,0,1,1,1,0,1,1,0,0,1,0,0,0,1,0,0,0,0,0,0,0,0,0,0,0,1,0,0,0,0,0,0,0
thro,Theodore Roosevelt NP,NOV,18204,0,1,0,0,1,1,0,1,0,0,1,1,1,0,1,1,0,0,1,0,0,0,1,0,0,0,0,0,0,0,0,0,0,0,0,0,0,0,0,0,1,0
thro,Theodore Roosevelt NP,OCT,56160,0,1,0,0,1,1,0,1,0,0,1,1,1,0,1,1,0,0,1,0,0,0,1,0,0,0,0,0,0,0,0,0,0,0,0,0,0,0,0,1,0,0
thro,Theodore Roosevelt NP,SEP,113473,0,1,0,0,1,1,0,1,0,0,1,1,1,0,1,1,0,0,1,0,0,0,1,0,0,0,0,0,0,0,0,0,0,0,0,0,0,0,1,0,0,0
viis,Virgin Islands NP,APR,41461,0,0,0,0,1,1,0,0,0,0,0,0,0,1,0,0,1,1,0,1,0,0,0,1,0,0,0,1,0,0,0,0,0,1,0,0,0,0,0,0,0,0
viis,Virgin Islands NP,AUG,8298,0,0,0,0,1,1,0,0,0,0,0,0,0,1,0,0,1,1,0,1,0,0,0,1,0,0,0,1,0,0,0,0,0,0,0,0,0,1,0,0,0,0
viis,Virgin Islands NP,DEC,41130,0,0,0,0,1,1,0,0,0,0,0,0,0,1,0,0,1,1,0,1,0,0,0,1,0,0,0,1,0,0,0,0,0,0,0,0,0,0,0,0,0,1
viis,Virgin Islands NP,FEB,40732,0,0,0,0,1,1,0,0,0,0,0,0,0,1,0,0,1,1,0,1,0,0,0,1,0,0,0,1,0,0,0,1,0,0,0,0,0,0,0,0,0,0
viis,Virgin Islands NP,JAN,45607,0,0,0,0,1,1,0,0,0,0,0,0,0,1,0,0,1,1,0,1,0,0,0,1,0,0,0,1,0,0,1,0,0,0,0,0,0,0,0,0,0,0
viis,Virgin Islands NP,JUL,43381,0,0,0,0,1,1,0,0,0,0,0,0,0,1,0,0,1,1,0,1,0,0,0,1,0,0,0,1,0,0,0,0,0,0,0,0,1,0,0,0,0,0
viis,Virgin Islands NP,JUN,41849,0,0,0,0,1,1,0,0,0,0,0,0,0,1,0,0,1,1,0,1,0,0,0,1,0,0,0,1,0,0,0,0,0,0,0,1,0,0,0,0,0,0
viis,Virgin Islands NP,MAR,50443,0,0,0,0,1,1,0,0,0,0,0,0,0,1,0,0,1,1,0,1,0,0,0,1,0,0,0,1,0,0,0,0,1,0,0,0,0,0,0,0,0,0
viis,Virgin Islands NP,MAY,43621,0,0,0,0,1,1,0,0,0,0,0,0,0,1,0,0,1,1,0,1,0,0,0,1,0,0,0,1,0,0,0,0,0,0,1,0,0,0,0,0,0,0
viis,Virgin Islands NP,NOV,30695,0,0,0,0,1,1,0,0,0,0,0,0,0,1,0,0,1,1,0,1,0,0,0,1,0,0,0,1,0,0,0,0,0,0,0,0,0,0,0,0,1,0
viis,Virgin Islands NP,OCT,20503,0,0,0,0,1,1,0,0,0,0,0,0,0,1,0,0,1,1,0,1,0,0,0,1,0,0,0,1,0,0,0,0,0,0,0,0,0,0,0,1,0,0
viis,Virgin Islands NP,SEP,15309,0,0,0,0,1,1,0,0,0,0,0,0,0,1,0,0,1,1,0,1,0,0,0,1,0,0,0,1,0,0,0,0,0,0,0,0,0,0,1,0,0,0
voya,Voyageurs NP,APR,7,0,0,0,1,1,1,1,1,1,0,1,1,1,1,0,1,0,0,1,0,0,0,0,0,0,1,0,0,0,0,0,0,0,1,0,0,0,0,0,0,0,0
voya,Voyageurs NP,AUG,47070,0,0,0,1,1,1,1,1,1,0,1,1,1,1,0,1,0,0,1,0,0,0,0,0,0,1,0,0,0,0,0,0,0,0,0,0,0,1,0,0,0,0
voya,Voyageurs NP,DEC,111,0,0,0,1,1,1,1,1,1,0,1,1,1,1,0,1,0,0,1,0,0,0,0,0,0,1,0,0,0,0,0,0,0,0,0,0,0,0,0,0,0,1
voya,Voyageurs NP,FEB,973,0,0,0,1,1,1,1,1,1,0,1,1,1,1,0,1,0,0,1,0,0,0,0,0,0,1,0,0,0,0,0,1,0,0,0,0,0,0,0,0,0,0
voya,Voyageurs NP,JAN,1054,0,0,0,1,1,1,1,1,1,0,1,1,1,1,0,1,0,0,1,0,0,0,0,0,0,1,0,0,0,0,1,0,0,0,0,0,0,0,0,0,0,0
voya,Voyageurs NP,JUL,45206,0,0,0,1,1,1,1,1,1,0,1,1,1,1,0,1,0,0,1,0,0,0,0,0,0,1,0,0,0,0,0,0,0,0,0,0,1,0,0,0,0,0
voya,Voyageurs NP,JUN,43233,0,0,0,1,1,1,1,1,1,0,1,1,1,1,0,1,0,0,1,0,0,0,0,0,0,1,0,0,0,0,0,0,0,0,0,1,0,0,0,0,0,0
voya,Voyageurs NP,MAR,359,0,0,0,1,1,1,1,1,1,0,1,1,1,1,0,1,0,0,1,0,0,0,0,0,0,1,0,0,0,0,0,0,1,0,0,0,0,0,0,0,0,0
voya,Voyageurs NP,MAY,26843,0,0,0,1,1,1,1,1,1,0,1,1,1,1,0,1,0,0,1,0,0,0,0,0,0,1,0,0,0,0,0,0,0,0,1,0,0,0,0,0,0,0
voya,Voyageurs NP,NOV,2338,0,0,0,1,1,1,1,1,1,0,1,1,1,1,0,1,0,0,1,0,0,0,0,0,0,1,0,0,0,0,0,0,0,0,0,0,0,0,0,0,1,0
voya,Voyageurs NP,OCT,10247,0,0,0,1,1,1,1,1,1,0,1,1,1,1,0,1,0,0,1,0,0,0,0,0,0,1,0,0,0,0,0,0,0,0,0,0,0,0,0,1,0,0
voya,Voyageurs NP,SEP,21589,0,0,0,1,1,1,1,1,1,0,1,1,1,1,0,1,0,0,1,0,0,0,0,0,0,1,0,0,0,0,0,0,0,0,0,0,0,0,1,0,0,0
whsa,White Sands NP,APR,87378,0,0,0,0,1,1,0,1,0,0,0,0,0,0,1,0,0,0,0,0,0,0,0,0,0,0,0,0,1,0,0,0,0,1,0,0,0,0,0,0,0,0
whsa,White Sands NP,AUG,41892,0,0,0,0,1,1,0,1,0,0,0,0,0,0,1,0,0,0,0,0,0,0,0,0,0,0,0,0,1,0,0,0,0,0,0,0,0,1,0,0,0,0
whsa,White Sands NP,DEC,62242,0,0,0,0,1,1,0,1,0,0,0,0,0,0,1,0,0,0,0,0,0,0,0,0,0,0,0,0,1,0,0,0,0,0,0,0,0,0,0,0,0,1
whsa,White Sands NP,FEB,42814,0,0,0,0,1,1,0,1,0,0,0,0,0,0,1,0,0,0,0,0,0,0,0,0,0,0,0,0,1,0,0,1,0,0,0,0,0,0,0,0,0,0
whsa,White Sands NP,JAN,37476,0,0,0,0,1,1,0,1,0,0,0,0,0,0,1,0,0,0,0,0,0,0,0,0,0,0,0,0,1,0,1,0,0,0,0,0,0,0,0,0,0,0
whsa,White Sands NP,JUL,53205,0,0,0,0,1,1,0,1,0,0,0,0,0,0,1,0,0,0,0,0,0,0,0,0,0,0,0,0,1,0,0,0,0,0,0,0,1,0,0,0,0,0
whsa,White Sands NP,JUN,56400,0,0,0,0,1,1,0,1,0,0,0,0,0,0,1,0,0,0,0,0,0,0,0,0,0,0,0,0,1,0,0,0,0,0,0,1,0,0,0,0,0,0
whsa,White Sands NP,MAR,105286,0,0,0,0,1,1,0,1,0,0,0,0,0,0,1,0,0,0,0,0,0,0,0,0,0,0,0,0,1,0,0,0,1,0,0,0,0,0,0,0,0,0
whsa,White Sands NP,MAY,62001,0,0,0,0,1,1,0,1,0,0,0,0,0,0,1,0,0,0,0,0,0,0,0,0,0,0,0,0,1,0,0,0,0,0,1,0,0,0,0,0,0,0
whsa,White Sands NP,NOV,52220,0,0,0,0,1,1,0,1,0,0,0,0,0,0,1,0,0,0,0,0,0,0,0,0,0,0,0,0,1,0,0,0,0,0,0,0,0,0,0,0,1,0
whsa,White Sands NP,OCT,58118,0,0,0,0,1,1,0,1,0,0,0,0,0,0,1,0,0,0,0,0,0,0,0,0,0,0,0,0,1,0,0,0,0,0,0,0,0,0,0,1,0,0
whsa,White Sands NP,SEP,43204,0,0,0,0,1,1,0,1,0,0,0,0,0,0,1,0,0,0,0,0,0,0,0,0,0,0,0,0,1,0,0,0,0,0,0,0,0,0,1,0,0,0
wica,Wind Cave NP,APR,35913,0,0,0,0,1,0,1,1,0,0,1,1,0,1,1,1,1,1,0,0,0,0,0,0,0,0,0,0,0,0,0,0,0,1,0,0,0,0,0,0,0,0
wica,Wind Cave NP,AUG,79172,0,0,0,0,1,0,1,1,0,0,1,1,0,1,1,1,1,1,0,0,0,0,0,0,0,0,0,0,0,0,0,0,0,0,0,0,0,1,0,0,0,0
wica,Wind Cave NP,DEC,12491,0,0,0,0,1,0,1,1,0,0,1,1,0,1,1,1,1,1,0,0,0,0,0,0,0,0,0,0,0,0,0,0,0,0,0,0,0,0,0,0,0,1
wica,Wind Cave NP,FEB,12147,0,0,0,0,1,0,1,1,0,0,1,1,0,1,1,1,1,1,0,0,0,0,0,0,0,0,0,0,0,0,0,1,0,0,0,0,0,0,0,0,0,0
wica,Wind Cave NP,JAN,10989,0,0,0,0,1,0,1,1,0,0,1,1,0,1,1,1,1,1,0,0,0,0,0,0,0,0,0,0,0,0,1,0,0,0,0,0,0,0,0,0,0,0
wica,Wind Cave NP,JUL,89192,0,0,0,0,1,0,1,1,0,0,1,1,0,1,1,1,1,1,0,0,0,0,0,0,0,0,0,0,0,0,0,0,0,0,0,0,1,0,0,0,0,0
wica,Wind Cave NP,JUN,70988,0,0,0,0,1,0,1,1,0,0,1,1,0,1,1,1,1,1,0,0,0,0,0,0,0,0,0,0,0,0,0,0,0,0,0,1,0,0,0,0,0,0
wica,Wind Cave NP,MAR,18343,0,0,0,0,1,0,1,1,0,0,1,1,0,1,1,1,1,1,0,0,0,0,0,0,0,0,0,0,0,0,0,0,1,0,0,0,0,0,0,0,0,0
wica,Wind Cave NP,MAY,53698,0,0,0,0,1,0,1,1,0,0,1,1,0,1,1,1,1,1,0,0,0,0,0,0,0,0,0,0,0,0,0,0,0,0,1,0,0,0,0,0,0,0
wica,Wind Cave NP,NOV,13599,0,0,0,0,1,0,1,1,0,0,1,1,0,1,1,1,1,1,0,0,0,0,0,0,0,0,0,0,0,0,0,0,0,0,0,0,0,0,0,0,1,0
wica,Wind Cave NP,OCT,27566,0,0,0,0,1,0,1,1,0,0,1,1,0,1,1,1,1,1,0,0,0,0,0,0,0,0,0,0,0,0,0,0,0,0,0,0,0,0,0,1,0,0
wica,Wind Cave NP,SEP,65301,0,0,0,0,1,0,1,1,0,0,1,1,0,1,1,1,1,1,0,0,0,0,0,0,0,0,0,0,0,0,0,0,0,0,0,0,0,0,1,0,0,0
wrst,Wrangell-St. Elias NP & PRES,APR,520,1,0,0,0,1,1,1,1,1,1,1,0,0,1,1,0,0,0,1,0,0,0,0,0,1,1,1,0,0,0,0,0,0,1,0,0,0,0,0,0,0,0
wrst,Wrangell-St. Elias NP & PRES,AUG,20020,1,0,0,0,1,1,1,1,1,1,1,0,0,1,1,0,0,0,1,0,0,0,0,0,1,1,1,0,0,0,0,0,0,0,0,0,0,1,0,0,0,0
wrst,Wrangell-St. Elias NP & PRES,DEC,35,1,0,0,0,1,1,1,1,1,1,1,0,0,1,1,0,0,0,1,0,0,0,0,0,1,1,1,0,0,0,0,0,0,0,0,0,0,0,0,0,0,1
wrst,Wrangell-St. Elias NP & PRES,FEB,95,1,0,0,0,1,1,1,1,1,1,1,0,0,1,1,0,0,0,1,0,0,0,0,0,1,1,1,0,0,0,0,1,0,0,0,0,0,0,0,0,0,0
wrst,Wrangell-St. Elias NP & PRES,JAN,25,1,0,0,0,1,1,1,1,1,1,1,0,0,1,1,0,0,0,1,0,0,0,0,0,1,1,1,0,0,0,1,0,0,0,0,0,0,0,0,0,0,0
wrst,Wrangell-St. Elias NP & PRES,JUL,28195,1,0,0,0,1,1,1,1,1,1,1,0,0,1,1,0,0,0,1,0,0,0,0,0,1,1,1,0,0,0,0,0,0,0,0,0,1,0,0,0,0,0
wrst,Wrangell-St. Elias NP & PRES,JUN,21141,1,0,0,0,1,1,1,1,1,1,1,0,0,1,1,0,0,0,1,0,0,0,0,0,1,1,1,0,0,0,0,0,0,0,0,1,0,0,0,0,0,0
wrst,Wrangell-St. Elias NP & PRES,MAR,230,1,0,0,0,1,1,1,1,1,1,1,0,0,1,1,0,0,0,1,0,0,0,0,0,1,1,1,0,0,0,0,0,1,0,0,0,0,0,0,0,0,0
wrst,Wrangell-St. Elias NP & PRES,MAY,5411,1,0,0,0,1,1,1,1,1,1,1,0,0,1,1,0,0,0,1,0,0,0,0,0,1,1,1,0,0,0,0,0,0,0,1,0,0,0,0,0,0,0
wrst,Wrangell-St. Elias NP & PRES,NOV,60,1,0,0,0,1,1,1,1,1,1,1,0,0,1,1,0,0,0,1,0,0,0,0,0,1,1,1,0,0,0,0,0,0,0,0,0,0,0,0,0,1,0
wrst,Wrangell-St. Elias NP & PRES,OCT,530,1,0,0,0,1,1,1,1,1,1,1,0,0,1,1,0,0,0,1,0,0,0,0,0,1,1,1,0,0,0,0,0,0,0,0,0,0,0,0,1,0,0
wrst,Wrangell-St. Elias NP & PRES,SEP,5408,1,0,0,0,1,1,1,1,1,1,1,0,0,1,1,0,0,0,1,0,0,0,0,0,1,1,1,0,0,0,0,0,0,0,0,0,0,0,1,0,0,0
yell,Yellowstone NP,APR,71784,1,0,0,0,1,1,1,1,1,1,1,0,1,1,1,1,1,1,1,0,1,1,1,0,1,1,1,1,1,1,0,0,0,1,0,0,0,0,0,0,0,0
yell,Yellowstone NP,AUG,868259,1,0,0,0,1,1,1,1,1,1,1,0,1,1,1,1,1,1,1,0,1,1,1,0,1,1,1,1,1,1,0,0,0,0,0,0,0,1,0,0,0,0
yell,Yellowstone NP,DEC,30410,1,0,0,0,1,1,1,1,1,1,1,0,1,1,1,1,1,1,1,0,1,1,1,0,1,1,1,1,1,1,0,0,0,0,0,0,0,0,0,0,0,1
yell,Yellowstone NP,FEB,49291,1,0,0,0,1,1,1,1,1,1,1,0,1,1,1,1,1,1,1,0,1,1,1,0,1,1,1,1,1,1,0,1,0,0,0,0,0,0,0,0,0,0
yell,Yellowstone NP,JAN,42740,1,0,0,0,1,1,1,1,1,1,1,0,1,1,1,1,1,1,1,0,1,1,1,0,1,1,1,1,1,1,1,0,0,0,0,0,0,0,0,0,0,0
yell,Yellowstone NP,JUL,992352,1,0,0,0,1,1,1,1,1,1,1,0,1,1,1,1,1,1,1,0,1,1,1,0,1,1,1,1,1,1,0,0,0,0,0,0,1,0,0,0,0,0
yell,Yellowstone NP,JUN,914612,1,0,0,0,1,1,1,1,1,1,1,0,1,1,1,1,1,1,1,0,1,1,1,0,1,1,1,1,1,1,0,0,0,0,0,1,0,0,0,0,0,0
yell,Yellowstone NP,MAR,32862,1,0,0,0,1,1,1,1,1,1,1,0,1,1,1,1,1,1,1,0,1,1,1,0,1,1,1,1,1,1,0,0,1,0,0,0,0,0,0,0,0,0
yell,Yellowstone NP,MAY,522450,1,0,0,0,1,1,1,1,1,1,1,0,1,1,1,1,1,1,1,0,1,1,1,0,1,1,1,1,1,1,0,0,0,0,1,0,0,0,0,0,0,0
yell,Yellowstone NP,NOV,21133,1,0,0,0,1,1,1,1,1,1,1,0,1,1,1,1,1,1,1,0,1,1,1,0,1,1,1,1,1,1,0,0,0,0,0,0,0,0,0,0,1,0
yell,Yellowstone NP,OCT,346025,1,0,0,0,1,1,1,1,1,1,1,0,1,1,1,1,1,1,1,0,1,1,1,0,1,1,1,1,1,1,0,0,0,0,0,0,0,0,0,1,0,0
yell,Yellowstone NP,SEP,852435,1,0,0,0,1,1,1,1,1,1,1,0,1,1,1,1,1,1,1,0,1,1,1,0,1,1,1,1,1,1,0,0,0,0,0,0,0,0,1,0,0,0
yose,Yosemite NP,APR,234232,1,0,0,1,1,1,1,1,1,1,1,1,1,1,0,1,1,0,1,0,0,0,1,0,0,1,0,1,1,0,0,0,0,1,0,0,0,0,0,0,0,0
yose,Yosemite NP,AUG,547217,1,0,0,1,1,1,1,1,1,1,1,1,1,1,0,1,1,0,1,0,0,0,1,0,0,1,0,1,1,0,0,0,0,0,0,0,0,1,0,0,0,0
yose,Yosemite NP,DEC,163783,1,0,0,1,1,1,1,1,1,1,1,1,1,1,0,1,1,0,1,0,0,0,1,0,0,1,0,1,1,0,0,0,0,0,0,0,0,0,0,0,0,1
yose,Yosemite NP,FEB,121027,1,0,0,1,1,1,1,1,1,1,1,1,1,1,0,1,1,0,1,0,0,0,1,0,0,1,0,1,1,0,0,1,0,0,0,0,0,0,0,0,0,0
yose,Yosemite NP,JAN,127789,1,0,0,1,1,1,1,1,1,1,1,1,1,1,0,1,1,0,1,0,0,0,1,0,0,1,0,1,1,0,1,0,0,0,0,0,0,0,0,0,0,0
yose,Yosemite NP,JUL,574270,1,0,0,1,1,1,1,1,1,1,1,1,1,1,0,1,1,0,1,0,0,0,1,0,0,1,0,1,1,0,0,0,0,0,0,0,1,0,0,0,0,0
yose,Yosemite NP,JUN,566111,1,0,0,1,1,1,1,1,1,1,1,1,1,1,0,1,1,0,1,0,0,0,1,0,0,1,0,1,1,0,0,0,0,0,0,1,0,0,0,0,0,0
yose,Yosemite NP,MAR,147102,1,0,0,1,1,1,1,1,1,1,1,1,1,1,0,1,1,0,1,0,0,0,1,0,0,1,0,1,1,0,0,0,1,0,0,0,0,0,0,0,0,0
yose,Yosemite NP,MAY,409748,1,0,0,1,1,1,1,1,1,1,1,1,1,1,0,1,1,0,1,0,0,0,1,0,0,1,0,1,1,0,0,0,0,0,1,0,0,0,0,0,0,0
yose,Yosemite NP,NOV,230748,1,0,0,1,1,1,1,1,1,1,1,1,1,1,0,1,1,0,1,0,0,0,1,0,0,1,0,1,1,0,0,0,0,0,0,0,0,0,0,0,1,0
yose,Yosemite NP,OCT,462467,1,0,0,1,1,1,1,1,1,1,1,1,1,1,0,1,1,0,1,0,0,0,1,0,0,1,0,1,1,0,0,0,0,0,0,0,0,0,0,1,0,0
yose,Yosemite NP,SEP,537313,1,0,0,1,1,1,1,1,1,1,1,1,1,1,0,1,1,0,1,0,0,0,1,0,0,1,0,1,1,0,0,0,0,0,0,0,0,0,1,0,0,0
zion,Zion NP,APR,473570,0,0,0,0,1,1,0,1,0,0,1,0,1,1,1,0,1,0,1,0,1,0,1,0,0,0,0,0,1,0,0,0,0,1,0,0,0,0,0,0,0,0
zion,Zion NP,AUG,470995,0,0,0,0,1,1,0,1,0,0,1,0,1,1,1,0,1,0,1,0,1,0,1,0,0,0,0,0,1,0,0,0,0,0,0,0,0,1,0,0,0,0
zion,Zion NP,DEC,235404,0,0,0,0,1,1,0,1,0,0,1,0,1,1,1,0,1,0,1,0,1,0,1,0,0,0,0,0,1,0,0,0,0,0,0,0,0,0,0,0,0,1
zion,Zion NP,FEB,144218,0,0,0,0,1,1,0,1,0,0,1,0,1,1,1,0,1,0,1,0,1,0,1,0,0,0,0,0,1,0,0,1,0,0,0,0,0,0,0,0,0,0
zion,Zion NP,JAN,120910,0,0,0,0,1,1,0,1,0,0,1,0,1,1,1,0,1,0,1,0,1,0,1,0,0,0,0,0,1,0,1,0,0,0,0,0,0,0,0,0,0,0
zion,Zion NP,JUL,546452,0,0,0,0,1,1,0,1,0,0,1,0,1,1,1,0,1,0,1,0,1,0,1,0,0,0,0,0,1,0,0,0,0,0,0,0,1,0,0,0,0,0
zion,Zion NP,JUN,613552,0,0,0,0,1,1,0,1,0,0,1,0,1,1,1,0,1,0,1,0,1,0,1,0,0,0,0,0,1,0,0,0,0,0,0,1,0,0,0,0,0,0
zion,Zion NP,MAR,417071,0,0,0,0,1,1,0,1,0,0,1,0,1,1,1,0,1,0,1,0,1,0,1,0,0,0,0,0,1,0,0,0,1,0,0,0,0,0,0,0,0,0
zion,Zion NP,MAY,589505,0,0,0,0,1,1,0,1,0,0,1,0,1,1,1,0,1,0,1,0,1,0,1,0,0,0,0,0,1,0,0,0,0,0,1,0,0,0,0,0,0,0
zion,Zion NP,NOV,311297,0,0,0,0,1,1,0,1,0,0,1,0,1,1,1,0,1,0,1,0,1,0,1,0,0,0,0,0,1,0,0,0,0,0,0,0,0,0,0,0,1,0
zion,Zion NP,OCT,517501,0,0,0,0,1,1,0,1,0,0,1,0,1,1,1,0,1,0,1,0,1,0,1,0,0,0,0,0,1,0,0,0,0,0,0,0,0,0,0,1,0,0
zion,Zion NP,SEP,506117,0,0,0,0,1,1,0,1,0,0,1,0,1,1,1,0,1,0,1,0,1,0,1,0,0,0,0,0,1,0,0,0,0,0,0,0,0,0,1,0,0,0
